通用码,数据模式,最优方法,是否V6新增方法,最优区间(周),移动平均MASE,智能方法MASE,MASE提升(%),移动平均总量误差,智能方法总量误差,总量误差提升(%)
CF3300320001,sparse,croston,是,13,0.9375,0.0299,96.81,30.0,0.96,96.81
CF3300350593,trending,ma_3,否,22,0.9302,0.0,100.0,4.0,0.0,100.0
CF3300350594,trending,ma_3,否,22,1.4286,0.0,100.0,8.0,0.0,100.0
CF3300350595,trending,ma_3,否,22,1.2121,0.0,100.0,4.0,0.0,100.0
CF3300350596,trending,ma_3,否,22,1.2121,0.0,100.0,4.0,0.0,100.0
CJ1010002556,intermittent,median_5,否,13,0.6,0.0,100.0,30.0,0.0,100.0
CJ1010003287,intermittent,adida,是,21,0.1719,0.0031,98.22,22.0,0.39,98.22
CJ1010003584,intermittent,optimized_ses,否,18,0.1845,0.0672,63.57,10.0,3.64,63.57
CJ1010003803,intermittent,weighted_ma_5,是,13,0.3684,0.0175,95.24,7.0,0.33,95.24
CJ1010003846,intermittent,winsorized,是,24,0.2023,0.0921,54.46,7.0,3.19,54.46
CJ1010003857,intermittent,ma_3,否,22,0.1515,0.0168,88.89,6.0,0.67,88.89
CJ1010003867,stable,optimized_hw,是,25,0.2922,0.0607,79.24,50.0,10.38,79.24
CJ1010003937,sparse,median_5,否,13,0.0,0.0,0.0,0.0,0.0,0.0
CJ1010003958,intermittent,tsb_opt,否,25,0.1014,0.0288,71.61,5.0,1.42,71.61
CJ1010004051,intermittent,winsorized,是,24,0.7353,0.4473,39.17,75.0,45.62,39.17
CJ1010004074,seasonal,damped_trend,是,13,0.1404,0.0423,69.85,25.0,7.54,69.85
CJ1010004086,sparse,median_5,否,19,0.0,0.0,0.0,0.0,0.0,0.0
CJ1010004169,seasonal,seasonal_naive,否,14,0.2988,0.0427,85.71,28.0,4.0,85.71
CJ1010004170,intermittent,median_5,否,19,0.0,0.0,0.0,0.0,0.0,0.0
CJ1010004439,seasonal,seasonal_naive,否,14,0.0909,0.0,100.0,1.0,0.0,100.0
CJ1010004510,lumpy,tsb_opt,否,19,0.407,0.16,60.69,70.0,27.52,60.69
CJ1010004675,seasonal,ma_3,否,14,0.2861,0.0106,96.3,135.0,5.0,96.3
CJ1010004676,stable,ma_3,否,23,0.3332,0.0636,80.92,131.0,25.0,80.92
CJ1010004903,trending,ma_5,否,26,0.0,0.0,0.0,0.0,0.0,0.0
CJ1010004973,intermittent,sba,否,13,1.25,0.235,81.2,15.0,2.82,81.2
CJ1010004974,seasonal,theta,是,18,0.0765,0.0172,77.51,15.0,3.37,77.51
CJ1010005169,sparse,winsorized,是,20,0.1087,0.0136,87.5,1.0,0.12,87.5
CJ1010005251,seasonal,seasonal_naive,否,21,0.0,0.0,0.0,0.0,0.0,0.0
CJ1010005351,lumpy,naive_drift,是,13,0.4065,0.2033,50.0,20.0,10.0,50.0
CJ1010005371,sparse,adida,是,22,0.6993,0.1384,80.21,20.0,3.96,80.21
CJ1010005477,seasonal,seasonal_naive,否,26,0.5,0.0,100.0,10.0,0.0,100.0
CJ1010005478,seasonal,damped_trend,是,22,0.2675,0.0106,96.05,140.0,5.53,96.05
CJ1010005505,intermittent,ma_5,否,14,0.0,0.0,0.0,0.0,0.0,0.0
CJ1010005517,intermittent,ma_5,否,26,0.0,0.0,0.0,0.0,0.0,0.0
CJ1010005522,intermittent,median_5,否,24,0.6667,0.0,100.0,45.0,0.0,100.0
CJ1010005528,stable,optimized_hw,是,13,0.6422,0.4315,32.81,215.0,144.46,32.81
CJ1010005530,trending,holt_winters,否,26,0.116,0.009,92.24,10.0,0.78,92.24
CJ1010005533,seasonal,naive_drift,是,16,0.1623,0.0758,53.33,15.0,7.0,53.33
CJ1010005539,stable,damped_trend,是,26,0.2984,0.0349,88.3,69.0,8.07,88.3
CJ1010005550,sparse,median_5,否,13,0.0,0.0,0.0,0.0,0.0,0.0
CJ1010005576,intermittent,interval_based,否,13,0.2551,0.0216,91.53,10.0,0.85,91.53
CJ1010005588,stable,theta,是,13,0.0909,0.0105,88.49,25.0,2.88,88.49
CJ1010005594,seasonal,median_5,否,25,0.6228,0.0,100.0,54.0,0.0,100.0
CJ1010005601,trending,seasonal_naive,否,23,0.2013,0.0297,85.25,122.0,18.0,85.25
CJ1010005611,lumpy,interval_based,否,14,3.4653,2.6931,22.29,70.0,54.4,22.29
CJ1010005632,sparse,croston,是,18,0.8651,0.1946,77.5,50.0,11.25,77.5
CJ1010005639,lumpy,winsorized,是,13,0.0,0.0,0.0,0.0,0.0,0.0
CJ1010005640,seasonal,seasonal_naive,否,19,0.1786,0.0,100.0,2.0,0.0,100.0
CJ1010005660,stable,optimized_des,否,20,0.0324,0.0135,58.26,5.0,2.09,58.26
CJ1010005668,seasonal,holt_winters,否,26,0.3968,0.0,100.0,35.0,0.0,100.0
CJ1010005671,intermittent,interval_based,否,19,0.431,0.001,99.77,10.0,0.02,99.77
CJ1010005745,seasonal,optimized_des,否,18,0.0,0.0,0.0,0.0,0.0,0.0
CJ1010005875,intermittent,median_5,否,22,0.4065,0.0,100.0,25.0,0.0,100.0
CJ1010005942,seasonal,optimized_des,否,17,0.0,0.0,0.0,0.0,0.0,0.0
CJ1010006139,intermittent,interval_based,否,13,0.6343,0.1043,83.56,17.0,2.79,83.56
CJ1010006199,intermittent,ma_3,否,13,0.8182,0.3788,53.7,36.0,16.67,53.7
CJ1010006263,intermittent,median_5,否,14,0.8255,0.0,100.0,70.0,0.0,100.0
CJ1010006293,seasonal,ma_5,否,22,0.0,0.0,0.0,0.0,0.0,0.0
CJ1010006374,intermittent,weighted_ma_5,是,26,0.2041,0.1701,16.67,10.0,8.33,16.67
CJ1010006464,seasonal,seasonal_naive,否,16,2.0588,1.3235,35.71,14.0,9.0,35.71
CJ1010006471,sparse,croston,是,20,2.6923,1.7218,36.05,7.0,4.48,36.05
CJ1010006502,trending,naive_drift,是,13,0.5,0.0,100.0,20.0,0.0,100.0
CJ1010006503,intermittent,median_5,否,13,0.0,0.0,0.0,0.0,0.0,0.0
CJ1010006593,intermittent,naive_drift,是,26,0.7143,0.2143,70.0,4.0,1.2,70.0
CJ1010006627,intermittent,optimized_ses,否,22,0.3604,0.1342,62.76,32.0,11.92,62.76
CJ1010006631,intermittent,croston,是,19,0.5464,0.012,97.81,20.0,0.44,97.81
CJ1010006642,seasonal,naive_drift,是,14,0.2564,0.0769,70.0,10.0,3.0,70.0
CJ1010006645,seasonal,seasonal_naive,否,13,0.5,0.0,100.0,10.0,0.0,100.0
CJ1010006741,stable,ma_3,否,24,0.3534,0.0471,86.67,60.0,8.0,86.67
CJ1010006743,stable,weighted_ma_5,是,13,0.0312,0.0104,66.67,5.0,1.67,66.67
CJ1010006751,intermittent,tsb_opt,否,24,0.0182,0.0063,65.24,1.0,0.35,65.24
CJ1010006896,seasonal,seasonal_naive,否,26,0.3626,0.0954,73.68,95.0,25.0,73.68
CJ1010006909,sparse,median_5,否,13,0.0,0.0,0.0,0.0,0.0,0.0
CJ1010006926,intermittent,interval_based,否,25,0.8333,0.0354,95.76,40.0,1.7,95.76
CJ1010006958,intermittent,winsorized,是,13,0.1385,0.0087,93.75,5.0,0.31,93.75
CJ1010007001,intermittent,median_5,否,25,1.0606,0.202,80.95,21.0,4.0,80.95
CJ1010007035,intermittent,adida,是,13,0.3289,0.0307,90.67,15.0,1.4,90.67
CJ1010007063,intermittent,median_5,否,16,0.0,0.0,0.0,0.0,0.0,0.0
CJ1010007103,intermittent,median_5,否,18,0.431,0.0,100.0,5.0,0.0,100.0
CJ1010007122,intermittent,optimized_ses,否,18,0.6047,0.1003,83.41,52.0,8.63,83.41
CJ1010007137,seasonal,optimized_hw,是,26,0.2597,0.0485,81.33,20.0,3.73,81.33
CJ1010007140,sparse,croston,是,13,0.625,0.0139,97.77,20.0,0.45,97.77
CJ1010007156,intermittent,naive_drift,是,13,1.5517,0.069,95.56,9.0,0.4,95.56
CJ1010007191,intermittent,winsorized,是,14,0.303,0.017,94.37,10.0,0.56,94.37
CJ1010007210,seasonal,ma_5,否,25,0.0,0.0,0.0,0.0,0.0,0.0
CJ1010007222,sparse,croston,是,21,1.0204,0.0097,99.05,5.0,0.05,99.05
CJ1010007319,sparse,naive_drift,是,24,0.1942,0.0291,85.0,2.0,0.3,85.0
CJ1010007334,erratic,median_5,否,17,0.1254,0.0784,37.5,16.0,10.0,37.5
CJ1010007337,intermittent,interval_based,否,13,0.1961,0.012,93.88,10.0,0.61,93.88
CJ1010007360,intermittent,median_5,否,18,0.6654,0.0,100.0,35.0,0.0,100.0
CJ1010007386,seasonal,median_5,否,14,0.6757,0.0,100.0,50.0,0.0,100.0
CJ1010007390,intermittent,ma_5,否,16,0.0,0.0,0.0,0.0,0.0,0.0
CJ1010007452,sparse,tsb_opt,否,13,0.2353,0.0754,67.96,12.0,3.85,67.96
CJ1010007454,sparse,median_5,否,13,0.0,0.0,0.0,0.0,0.0,0.0
CJ1010007548,sparse,median_5,否,13,0.0893,0.0,100.0,2.0,0.0,100.0
CJ1010007576,intermittent,ma_3,否,26,0.5208,0.2315,55.56,30.0,13.33,55.56
CJ1010007591,seasonal,ma_5,否,24,0.1029,0.1029,0.0,5.0,5.0,0.0
CJ1010007647,seasonal,optimized_des,否,25,0.5,0.0048,99.04,10.0,0.1,99.04
CJ1010007687,intermittent,winsorized,是,26,0.015,0.0009,93.75,1.0,0.06,93.75
CJ1010007782,intermittent,adida,是,13,0.5319,0.0532,90.0,10.0,1.0,90.0
CJ1010007810,seasonal,ma_5,否,24,0.0,0.0,0.0,0.0,0.0,0.0
CJ1010007843,stable,ma_5,否,15,0.0,0.0,0.0,0.0,0.0,0.0
CJ1010007848,stable,optimized_des,否,13,1.0561,0.172,83.71,569.0,92.7,83.71
CJ1010007850,erratic,weighted_ma_5,是,13,0.3343,0.0101,96.97,55.0,1.67,96.97
CJ1010007851,erratic,adida,是,13,1.7986,0.473,73.7,200.0,52.6,73.7
CJ1010007854,sparse,croston,是,14,1.1628,0.0311,97.33,20.0,0.53,97.33
CJ1010007904,intermittent,ma_3,否,13,0.0833,0.0347,58.33,4.0,1.67,58.33
CJ1010007905,intermittent,sba,否,13,0.7054,0.1444,79.53,34.0,6.96,79.53
CJ1010007928,intermittent,median_5,否,14,1.2557,0.0,100.0,55.0,0.0,100.0
CJ1010007969,sparse,median_5,否,24,0.3571,0.0,100.0,10.0,0.0,100.0
CJ1010007993,intermittent,theta,是,13,0.5,0.0561,88.77,20.0,2.25,88.77
CJ1010007994,intermittent,weighted_ma_5,是,15,0.9804,0.0,100.0,50.0,0.0,100.0
CJ1010007999,lumpy,tsb_opt,否,13,2.1757,0.1861,91.45,52.0,4.45,91.45
CJ1010008000,erratic,ma_3,否,21,0.2378,0.0338,85.8,115.0,16.33,85.8
CJ1010008037,stable,interval_based,否,14,0.3352,0.0469,86.0,36.0,5.04,86.0
CJ1010008038,stable,ma_7,否,13,0.0917,0.0151,83.52,13.0,2.14,83.52
CJ1010008046,seasonal,median_5,否,18,0.5172,0.0,100.0,3.0,0.0,100.0
CJ1010008144,intermittent,winsorized,是,13,0.2326,0.0145,93.75,10.0,0.62,93.75
CJ1010008188,sparse,interval_based,否,13,1.1207,0.3135,72.03,13.0,3.64,72.03
CJ1010008196,seasonal,ma_5,否,19,0.0623,0.0623,0.0,2.0,2.0,0.0
CJ1010008204,lumpy,tsb_opt,否,13,0.625,0.0529,91.54,3.0,0.25,91.54
CJ1010008240,lumpy,ma_5,否,22,0.0741,0.0741,0.0,2.0,2.0,0.0
CJ1010008259,sparse,median_5,否,18,0.6329,0.0,100.0,10.0,0.0,100.0
CJ1010008261,stable,theta,是,15,0.486,0.158,67.5,80.0,26.0,67.5
CJ1010008371,seasonal,optimized_hw,是,14,0.1033,0.0449,56.5,5.0,2.18,56.5
CJ1010008381,intermittent,winsorized,是,13,0.7143,0.0446,93.75,10.0,0.62,93.75
CJ1010008453,seasonal,optimized_hw,是,14,0.7116,0.0758,89.34,19.0,2.03,89.34
CJ1010008489,lumpy,median_5,否,26,0.5435,0.0,100.0,10.0,0.0,100.0
CJ1010008533,intermittent,winsorized,是,25,0.1333,0.0042,96.87,10.0,0.31,96.88
CJ1010008568,seasonal,optimized_hw,是,13,0.3293,0.1139,65.42,11.0,3.8,65.42
CJ1010008616,intermittent,adida,是,13,0.4808,0.0901,81.25,5.0,0.94,81.25
CJ1010008725,intermittent,sba,否,13,0.5102,0.0021,99.59,5.0,0.02,99.59
CJ1010008815,seasonal,seasonal_naive,否,13,0.1983,0.0421,78.79,66.0,14.0,78.79
CJ1010008860,seasonal,optimized_hw,是,14,3.5088,2.4974,28.83,40.0,28.47,28.83
CJ1010008951,lumpy,weighted_ma_5,是,18,0.2899,0.1932,33.33,2.0,1.33,33.33
CJ1010009191,lumpy,croston,是,13,1.462,0.012,99.18,50.0,0.41,99.18
CJ1010009404,intermittent,median_5,否,13,0.3371,0.0,100.0,30.0,0.0,100.0
CJ1010010478,intermittent,ma_5,否,21,0.0,0.0,0.0,0.0,0.0,0.0
CJ1010061096,intermittent,median_5,否,15,0.0,0.0,0.0,0.0,0.0,0.0
CJ1010061301,erratic,weighted_ma_5,是,22,0.0763,0.0509,33.33,10.0,6.67,33.33
CJ1010061352,sparse,ma_5,否,13,0.0,0.0,0.0,0.0,0.0,0.0
CJ1010071092,intermittent,interval_based,否,21,0.3153,0.1223,61.22,28.0,10.86,61.22
CJ1010071343,seasonal,optimized_ses,否,14,0.1471,0.0473,67.82,20.0,6.44,67.82
CJ1010071355,sparse,median_5,否,13,0.0,0.0,0.0,0.0,0.0,0.0
CJ1010071373,seasonal,optimized_des,否,25,0.308,0.2477,19.59,120.0,96.49,19.59
CJ1010071480,stable,ma_3,否,21,0.3455,0.0307,91.11,150.0,13.33,91.11
CJ1010101644,sparse,median_5,否,13,0.0,0.0,0.0,0.0,0.0,0.0
CJ1010101786,seasonal,holt_winters,否,13,0.7177,0.0,100.0,15.0,0.0,100.0
CJ1010101830,sparse,adida,是,13,0.5952,0.0496,91.67,50.0,4.17,91.67
CJ1010101842,intermittent,weighted_ma_5,是,14,0.2252,0.0751,66.67,50.0,16.67,66.67
CJ1010101843,intermittent,ma_5,否,15,0.0,0.0,0.0,0.0,0.0,0.0
CJ1010121214,seasonal,seasonal_naive,否,14,0.2358,0.0472,80.0,50.0,10.0,80.0
CJ1010121304,seasonal,optimized_des,否,17,0.6944,0.0241,96.53,50.0,1.73,96.53
CJ1010121305,intermittent,weighted_ma_5,是,13,0.2336,0.0779,66.67,50.0,16.67,66.67
CJ1010121317,seasonal,optimized_ses,否,13,0.1613,0.0438,72.86,20.0,5.43,72.86
CJ1010121357,intermittent,ma_5,否,13,0.0,0.0,0.0,0.0,0.0,0.0
CJ1010121496,sparse,interval_based,否,13,2.9167,0.8424,71.12,35.0,10.11,71.12
CJ1010121509,seasonal,median_5,否,20,0.4958,0.0,100.0,70.0,0.0,100.0
CJ1010121510,seasonal,damped_trend,是,13,0.1953,0.055,71.82,25.0,7.04,71.82
CJ1010121584,lumpy,adida,是,14,1.45,0.3483,75.98,435.0,104.5,75.98
CJ1010121663,seasonal,ma_3,否,22,0.7902,0.392,50.39,430.0,213.33,50.39
CJ1010121688,intermittent,optimized_ses,否,13,0.1741,0.1221,29.85,200.0,140.31,29.85
CJ1010121703,intermittent,winsorized,是,13,0.9302,0.3634,60.94,40.0,15.63,60.94
CJ1010121804,seasonal,theta,是,15,0.8848,0.4258,51.88,63.0,30.32,51.88
CJ1010130154,intermittent,median_5,否,13,0.2404,0.0,100.0,5.0,0.0,100.0
CJ1010130261,sparse,median_5,否,26,0.625,0.0,100.0,80.0,0.0,100.0
CJ1010130283,seasonal,seasonal_naive,否,19,2.3622,0.3937,83.33,60.0,10.0,83.33
CJ1010130285,intermittent,median_5,否,17,0.6452,0.0,100.0,40.0,0.0,100.0
CJ1010140298,lumpy,winsorized,是,24,0.3544,0.1203,66.07,140.0,47.5,66.07
CJ1010140384,intermittent,croston,是,26,0.3226,0.0264,91.81,40.0,3.27,91.81
CJ1010140414,seasonal,holt_winters,否,13,0.6173,0.2804,54.57,100.0,45.43,54.57
CJ1010160594,seasonal,optimized_hw,是,26,0.339,0.0847,75.0,20.0,5.0,75.0
CJ1010160989,intermittent,median_5,否,21,0.5882,0.0,100.0,20.0,0.0,100.0
CJ1010161081,seasonal,optimized_hw,是,15,0.8167,0.1363,83.31,245.0,40.88,83.31
CJ1010161410,intermittent,adida,是,14,0.5263,0.0526,90.0,10.0,1.0,90.0
CJ1010250007,intermittent,median_5,否,14,0.0,0.0,0.0,0.0,0.0,0.0
CJ1010270017,sparse,median_5,否,13,0.1724,0.0,100.0,1.0,0.0,100.0
CJ1010270027,seasonal,naive_drift,是,23,0.566,0.2075,63.33,9.0,3.3,63.33
CJ1010270029,trending,ma_5,否,13,0.0,0.0,0.0,0.0,0.0,0.0
CJ1010270032,seasonal,theta,是,14,0.3448,0.0055,98.41,1.0,0.02,98.41
CJ1010270041,stable,damped_trend,是,20,0.2341,0.0123,94.73,7.0,0.37,94.73
CJ1010270046,intermittent,adida,是,13,2.9167,0.7083,75.71,14.0,3.4,75.71
CJ1010270082,stable,theta,是,13,0.6728,0.1905,71.69,22.0,6.23,71.69
CJ1010300047,trending,optimized_des,否,13,0.0,0.0,0.0,0.0,0.0,0.0
CJ1010420069,intermittent,ma_5,否,13,0.0654,0.0654,0.0,1.0,1.0,0.0
CJ1010420301,sparse,naive_drift,是,13,1.4815,0.0,100.0,4.0,0.0,100.0
CJ1010420444,stable,naive_drift,是,13,0.6548,0.0476,92.73,22.0,1.6,92.73
CJ1010420445,seasonal,median_5,否,15,0.2721,0.0227,91.67,12.0,1.0,91.67
CJ1010420476,seasonal,optimized_des,否,16,0.3261,0.0104,96.81,3.0,0.1,96.81
CJ1010420517,lumpy,weighted_ma_5,是,18,0.5696,0.0211,96.3,9.0,0.33,96.3
CJ1010420522,intermittent,adida,是,26,0.5,0.0216,95.69,10.0,0.43,95.69
CJ1010420523,erratic,sba,否,26,0.1739,0.0301,82.68,18.0,3.12,82.68
CJ1010420540,intermittent,median_5,否,26,0.522,0.0,100.0,38.0,0.0,100.0
CJ1010420545,stable,ma_3,否,17,0.9267,0.3895,57.97,115.0,48.33,57.97
CJ1010420564,intermittent,winsorized,是,16,3.125,2.5781,17.5,5.0,4.12,17.5
CJ1010420618,stable,theta,是,17,0.6481,0.0093,98.56,328.0,4.73,98.56
CJ1010420623,intermittent,ma_3,否,24,0.5,0.0,100.0,2.0,0.0,100.0
CJ1010420627,seasonal,optimized_hw,是,14,0.5981,0.0573,90.42,178.0,17.05,90.42
CJ1010420635,intermittent,median_5,否,13,0.0,0.0,0.0,0.0,0.0,0.0
CJ1010420659,sparse,ma_5,否,13,0.3846,0.3846,0.0,1.0,1.0,0.0
CJ1010420674,seasonal,optimized_des,否,17,0.5556,0.0096,98.28,10.0,0.17,98.28
CJ1010420678,intermittent,adida,是,22,0.2222,0.0305,86.27,10.0,1.37,86.27
CJ1010420686,intermittent,optimized_ses,否,13,0.1992,0.0063,96.82,5.0,0.16,96.82
CJ1010420692,erratic,naive_drift,是,16,0.6793,0.0,100.0,25.0,0.0,100.0
CJ1010420731,intermittent,sba,否,13,2.2512,0.0589,97.38,95.0,2.48,97.38
CJ1010420739,intermittent,optimized_ses,否,13,0.4902,0.0033,99.32,5.0,0.03,99.32
CJ1010420750,seasonal,naive_drift,是,24,0.7638,0.0959,87.44,86.0,10.8,87.44
CJ1010420751,seasonal,optimized_hw,是,26,0.3281,0.0316,90.38,50.0,4.81,90.38
CJ1010420753,intermittent,optimized_ses,否,16,0.5319,0.0422,92.07,10.0,0.79,92.07
CJ1010440099,seasonal,optimized_ses,否,13,0.7812,0.4888,37.44,100.0,62.56,37.44
CJ1010480071,sparse,median_5,否,26,0.0,0.0,0.0,0.0,0.0,0.0
CJ1010480086,intermittent,median_5,否,18,0.0,0.0,0.0,0.0,0.0,0.0
CJ1010480124,sparse,median_5,否,13,0.0,0.0,0.0,0.0,0.0,0.0
CJ1010480141,intermittent,optimized_ses,否,15,0.4464,0.158,64.61,20.0,7.08,64.61
CJ1010480146,intermittent,median_5,否,13,0.0,0.0,0.0,0.0,0.0,0.0
CJ1010480171,seasonal,holt_winters,否,13,0.0,0.0,0.0,0.0,0.0,0.0
CJ1010480173,intermittent,median_5,否,24,0.0,0.0,0.0,0.0,0.0,0.0
CJ1010480180,sparse,median_5,否,13,0.0,0.0,0.0,0.0,0.0,0.0
CJ1010480224,intermittent,median_5,否,13,0.0,0.0,0.0,0.0,0.0,0.0
CJ1010480232,intermittent,median_5,否,13,0.0,0.0,0.0,0.0,0.0,0.0
CJ1010480238,sparse,median_5,否,13,0.0,0.0,0.0,0.0,0.0,0.0
CJ1010480297,intermittent,median_5,否,26,0.0,0.0,0.0,0.0,0.0,0.0
CJ1010480368,intermittent,median_5,否,17,0.0,0.0,0.0,0.0,0.0,0.0
CJ1010480369,intermittent,median_5,否,24,0.0,0.0,0.0,0.0,0.0,0.0
CJ1010480385,lumpy,winsorized,是,13,0.0,0.0,0.0,0.0,0.0,0.0
CJ1010480386,lumpy,median_5,否,23,0.0,0.0,0.0,0.0,0.0,0.0
CJ1010480387,intermittent,croston,是,18,0.5814,0.035,93.99,20.0,1.2,93.99
CJ1010480389,seasonal,theta,是,15,0.0,0.0,0.0,0.0,0.0,0.0
CJ1010480397,intermittent,median_5,否,24,0.0,0.0,0.0,0.0,0.0,0.0
CJ1010480426,intermittent,median_5,否,15,0.0,0.0,0.0,0.0,0.0,0.0
CJ1010480434,seasonal,holt_winters,否,23,0.0,0.0,0.0,0.0,0.0,0.0
CJ1010480454,intermittent,median_5,否,13,0.0,0.0,0.0,0.0,0.0,0.0
CJ1010480478,lumpy,winsorized,是,13,0.5751,0.0699,87.85,144.0,17.5,87.85
CJ1010480487,lumpy,winsorized,是,25,0.0,0.0,0.0,0.0,0.0,0.0
CJ1010480534,intermittent,interval_based,否,13,2.7778,0.7963,71.33,10.0,2.87,71.33
CJ1010490031,sparse,median_5,否,13,0.0926,0.0,100.0,1.0,0.0,100.0
CJ1010490054,lumpy,adida,是,18,0.5344,0.039,92.71,14.0,1.02,92.71
CJ1010490077,intermittent,optimized_ses,否,13,1.0,0.0528,94.72,38.0,2.01,94.72
CJ1010490079,intermittent,theta,是,13,0.3419,0.0011,99.68,24.0,0.08,99.68
CJ1010490081,lumpy,ma_3,否,13,0.6154,0.0769,87.5,8.0,1.0,87.5
CJ1010510047,stable,ma_7,否,19,0.8333,0.4762,42.86,3.0,1.71,42.86
CJ1010510048,intermittent,interval_based,否,13,1.5,0.6878,54.15,3.0,1.38,54.15
CJ1010510055,intermittent,sba,否,20,0.4167,0.11,73.6,1.0,0.26,73.6
CJ1010510056,seasonal,theta,是,16,0.9804,0.1014,89.66,5.0,0.52,89.66
CJ1010510063,trending,naive_drift,是,21,0.2857,0.0,100.0,1.0,0.0,100.0
CJ1010510064,intermittent,median_5,否,13,0.4348,0.0,100.0,1.0,0.0,100.0
CJ1010510067,intermittent,ma_5,否,19,0.0,0.0,0.0,0.0,0.0,0.0
CJ1010510074,lumpy,naive_drift,是,13,2.0,0.0,100.0,6.0,0.0,100.0
CJ1010510079,seasonal,ma_5,否,24,0.0,0.0,0.0,0.0,0.0,0.0
CJ1010510093,seasonal,seasonal_naive,否,14,0.1695,0.0,100.0,1.0,0.0,100.0
CJ1010510094,seasonal,theta,是,13,0.8,0.6636,17.05,8.0,6.64,17.05
CJ1010510097,seasonal,ma_3,否,13,0.5769,0.1282,77.78,3.0,0.67,77.78
CJ1010510100,seasonal,median_5,否,16,0.3636,0.1818,50.0,4.0,2.0,50.0
CJ1010510103,intermittent,optimized_ses,否,13,0.4762,0.2172,54.38,2.0,0.91,54.38
CJ1010510104,intermittent,croston,是,16,0.2564,0.0313,87.78,1.0,0.12,87.78
CJ1010510111,intermittent,croston,是,13,1.8182,0.3135,82.76,2.0,0.34,82.76
CJ1010510117,trending,theta,是,22,1.3408,0.5075,62.15,24.0,9.08,62.15
CJ1010510118,intermittent,weighted_ma_5,是,13,0.6667,0.2222,66.67,1.0,0.33,66.67
CJ1010510127,intermittent,ma_5,否,13,0.0,0.0,0.0,0.0,0.0,0.0
CJ1010510128,intermittent,croston,是,20,0.4167,0.0115,97.23,1.0,0.03,97.23
CJ1010510130,stable,ma_5,否,14,0.0,0.0,0.0,0.0,0.0,0.0
CJ1010510133,stable,interval_based,否,13,0.202,0.0433,78.57,2.0,0.43,78.57
CJ1010510136,intermittent,interval_based,否,26,0.4545,0.0455,90.0,2.0,0.2,90.0
CJ1010510140,seasonal,ma_3,否,26,1.25,0.9722,22.22,3.0,2.33,22.22
CJ1010510141,seasonal,naive_drift,是,26,0.5882,0.1373,76.67,3.0,0.7,76.67
CJ1010510146,intermittent,ma_5,否,13,0.0,0.0,0.0,0.0,0.0,0.0
CJ1010510147,stable,seasonal_naive,否,13,0.2703,0.0,100.0,1.0,0.0,100.0
CJ1010510148,seasonal,weighted_ma_5,是,16,0.1818,0.0,100.0,1.0,0.0,100.0
CJ1010510151,stable,interval_based,否,13,0.1266,0.0354,72.0,1.0,0.28,72.0
CJ1010520165,intermittent,sba,否,15,0.3478,0.0687,80.26,4.0,0.79,80.26
CJ1010520186,intermittent,ma_3,否,16,0.4,0.1333,66.67,1.0,0.33,66.67
CJ1010520297,intermittent,theta,是,13,0.303,0.2516,16.97,1.0,0.83,16.97
CJ1010520299,intermittent,interval_based,否,26,1.0714,0.0902,91.58,3.0,0.25,91.58
CJ1010520302,intermittent,adida,是,15,2.5,0.25,90.0,5.0,0.5,90.0
CJ1010520303,seasonal,damped_trend,是,26,0.4545,0.0846,81.39,1.0,0.19,81.39
CJ1010520318,intermittent,median_5,否,13,0.2273,0.0,100.0,1.0,0.0,100.0
CJ1010520319,stable,interval_based,否,13,0.3636,0.0074,97.96,2.0,0.04,97.96
CJ1010520352,intermittent,winsorized,是,14,0.3704,0.0926,75.0,1.0,0.25,75.0
CJ1010520384,intermittent,tsb_opt,否,15,0.625,0.2061,67.02,1.0,0.33,67.02
CJ1010550017,trending,naive_drift,是,22,0.0,0.0,0.0,0.0,0.0,0.0
CJ1010550023,intermittent,median_5,否,22,0.0,0.0,0.0,0.0,0.0,0.0
CJ1021050036,intermittent,interval_based,否,16,0.9237,0.5847,36.7,230.0,145.6,36.7
CJ1021050037,stable,seasonal_naive,否,13,0.7169,0.0036,99.5,199.0,1.0,99.5
CJ1021050058,intermittent,sba,否,14,0.455,0.1721,62.18,100.0,37.82,62.18
CJ1021050059,trending,ma_3,否,19,0.2174,0.0725,66.67,50.0,16.67,66.67
CJ1021050078,seasonal,optimized_des,否,13,0.0,0.0,0.0,0.0,0.0,0.0
CJ1021050080,seasonal,theta,是,21,0.5435,0.2124,60.91,220.0,85.99,60.91
CJ1021050081,seasonal,optimized_ses,否,15,0.5172,0.1398,72.97,30.0,8.11,72.97
CJ1021050082,intermittent,croston,是,13,3.2,0.2337,92.7,160.0,11.68,92.7
CJ1021050087,seasonal,seasonal_naive,否,22,0.4762,0.0,100.0,10.0,0.0,100.0
CJ1021050115,intermittent,median_5,否,13,0.5473,0.0093,98.31,59.0,1.0,98.31
CJ1021050117,intermittent,median_5,否,14,0.8021,0.0,100.0,60.0,0.0,100.0
CJ1021050118,intermittent,tsb_opt,否,13,0.444,0.0085,98.09,100.0,1.91,98.09
CJ1021050120,stable,weighted_ma_5,是,13,0.1407,0.0,100.0,50.0,0.0,100.0
CJ1021050123,intermittent,ma_3,否,26,0.3947,0.1316,66.67,30.0,10.0,66.67
CJ1021050129,intermittent,interval_based,否,13,0.2963,0.0385,87.0,40.0,5.2,87.0
CJ1021050131,seasonal,ma_5,否,13,0.1581,0.1581,0.0,40.0,40.0,0.0
CJ1021050141,intermittent,adida,是,16,0.4762,0.15,68.5,80.0,25.2,68.5
CJ1021050142,seasonal,holt_winters,否,24,0.1942,0.0814,58.08,85.0,35.63,58.08
CJ1021050153,intermittent,ma_5,否,13,0.0091,0.0091,0.0,1.0,1.0,0.0
CJ1021050156,intermittent,median_5,否,13,0.6,0.0,100.0,60.0,0.0,100.0
CJ1021050161,seasonal,naive_drift,是,20,0.8611,0.35,59.35,310.0,126.0,59.35
CJ1021050185,intermittent,median_5,否,13,0.0,0.0,0.0,0.0,0.0,0.0
CJ1021050206,sparse,median_5,否,23,0.2542,0.0,100.0,30.0,0.0,100.0
CJ1021050212,intermittent,ma_5,否,16,0.0,0.0,0.0,0.0,0.0,0.0
CJ1021050214,stable,optimized_des,否,13,0.6076,0.1609,73.52,170.0,45.01,73.52
CJ1021050221,intermittent,winsorized,是,13,0.3333,0.0833,75.0,30.0,7.5,75.0
CJ1021050227,intermittent,ma_3,否,13,0.5769,0.1923,66.67,30.0,10.0,66.67
CJ1021050228,intermittent,ma_5,否,20,0.0,0.0,0.0,0.0,0.0,0.0
CJ1021050231,trending,optimized_des,否,13,0.5826,0.1554,73.32,201.0,53.62,73.32
CJ1021050235,intermittent,median_5,否,13,1.7857,1.4286,20.0,100.0,80.0,20.0
CJ1021050249,intermittent,tsb_opt,否,13,0.463,0.1262,72.75,30.0,8.17,72.75
CJ1021050261,intermittent,optimized_ses,否,21,0.3529,0.033,90.66,30.0,2.8,90.66
CJ1021050265,stable,ma_3,否,13,0.1351,0.0225,83.33,100.0,16.67,83.33
CJ1021050274,seasonal,median_5,否,14,0.6098,0.0,100.0,50.0,0.0,100.0
CJ1021050291,seasonal,theta,是,14,0.7418,0.4558,38.56,200.0,122.87,38.56
CJ1021050318,intermittent,median_5,否,13,0.0,0.0,0.0,0.0,0.0,0.0
CJ1021060037,intermittent,optimized_ses,否,13,0.3787,0.0068,98.2,59.0,1.06,98.2
CJ1021060073,intermittent,croston,是,13,0.7371,0.4738,35.72,60.0,38.57,35.72
CJ1021060093,intermittent,ma_5,否,16,0.0,0.0,0.0,0.0,0.0,0.0
CJ1021060096,intermittent,adida,是,25,0.6667,0.0648,90.28,90.0,8.75,90.28
CJ1021060169,intermittent,sba,否,23,0.7335,0.179,75.59,60.0,14.64,75.59
CJ1021210023,intermittent,median_5,否,24,0.0,0.0,0.0,0.0,0.0,0.0
CJ1021210024,intermittent,median_5,否,24,0.1928,0.0,100.0,50.0,0.0,100.0
CJ1022130020,intermittent,optimized_ses,否,20,0.0404,0.0097,75.86,5.0,1.21,75.86
CJ1022130180,intermittent,winsorized,是,14,0.284,0.0405,85.75,57.0,8.12,85.75
CJ1022130200,seasonal,damped_trend,是,15,0.1472,0.1446,1.76,50.0,49.12,1.76
CJ1022130209,seasonal,seasonal_naive,否,13,0.7669,0.0153,98.0,100.0,2.0,98.0
CJ1022130246,seasonal,naive_drift,是,14,0.1333,0.0933,30.0,50.0,35.0,30.0
CJ1022130389,seasonal,holt_winters,否,17,0.7982,0.4108,48.53,700.0,360.28,48.53
CJ1022130418,seasonal,holt_winters,否,25,0.111,0.0235,78.79,50.0,10.61,78.79
CJ1040200008,seasonal,optimized_hw,是,26,0.0351,0.0,100.0,28.0,0.0,100.0
CJ1040200037,stable,interval_based,否,14,0.1457,0.0319,78.14,100.0,21.86,78.14
CJ1040200076,seasonal,theta,是,14,0.0,0.0,0.0,0.0,0.0,0.0
CJ1040200096,sparse,ma_5,否,22,0.0,0.0,0.0,0.0,0.0,0.0
CJ1040200162,intermittent,ma_5,否,25,0.0,0.0,0.0,0.0,0.0,0.0
CJ1040200163,lumpy,theta,是,15,0.4249,0.0505,88.1,134.0,15.94,88.1
CJ1040200165,lumpy,interval_based,否,20,0.5848,0.318,45.61,360.0,195.79,45.61
CJ1040200280,intermittent,winsorized,是,13,0.0585,0.0439,25.0,1.0,0.75,25.0
CJ1040200286,seasonal,ma_3,否,17,0.5734,0.0225,96.08,68.0,2.67,96.08
CJ1040200408,erratic,ma_3,否,13,0.4651,0.155,66.67,2.0,0.67,66.67
CJ1040200478,stable,seasonal_naive,否,14,0.4237,0.1094,74.18,519.0,134.0,74.18
CJ1040200504,stable,naive_drift,是,13,0.8743,0.1894,78.33,96.0,20.8,78.33
CJ1040200821,intermittent,tsb_opt,否,18,0.3448,0.0123,96.43,8.0,0.29,96.43
CJ1040200869,intermittent,winsorized,是,13,0.6645,0.0498,92.5,20.0,1.5,92.5
CJ1040200922,stable,optimized_ses,否,23,0.6457,0.0491,92.4,624.0,47.45,92.4
CJ1040200927,trending,naive_drift,是,13,3.7209,1.5116,59.38,32.0,13.0,59.38
CJ1040200936,intermittent,median_5,否,13,0.0,0.0,0.0,0.0,0.0,0.0
CJ1040200962,lumpy,interval_based,否,13,0.5092,0.0769,84.9,50.0,7.55,84.9
CJ1040200984,seasonal,seasonal_naive,否,26,0.274,0.0685,75.0,4.0,1.0,75.0
CJ1040200995,seasonal,ma_3,否,13,0.7692,0.0366,95.24,14.0,0.67,95.24
CJ1040201010,intermittent,ma_5,否,25,0.0,0.0,0.0,0.0,0.0,0.0
CJ1040201021,seasonal,naive_drift,是,19,2.4,0.68,71.67,6.0,1.7,71.67
CJ1040201022,sparse,winsorized,是,16,0.4762,0.1918,59.72,9.0,3.62,59.72
CJ1040201041,intermittent,ma_3,否,13,2.3529,1.1765,50.0,8.0,4.0,50.0
CJ1040201050,intermittent,adida,是,25,0.989,0.2427,75.46,18.0,4.42,75.46
CJ1040201081,seasonal,holt_winters,否,22,0.0,0.0,0.0,0.0,0.0,0.0
CJ1040201082,stable,ma_7,否,13,0.3885,0.0475,87.78,76.0,9.29,87.78
CJ1040201087,seasonal,ma_5,否,16,0.0,0.0,0.0,0.0,0.0,0.0
CJ1040201160,stable,theta,是,14,0.6757,0.0591,91.25,25.0,2.19,91.25
CJ1040201169,intermittent,naive_drift,是,13,1.8462,0.3846,79.17,48.0,10.0,79.17
CJ1040201170,intermittent,median_5,否,13,0.3386,0.0,100.0,17.0,0.0,100.0
CJ1040201173,intermittent,naive_drift,是,13,0.9302,0.3721,60.0,8.0,3.2,60.0
CJ1040201180,intermittent,median_5,否,13,0.0,0.0,0.0,0.0,0.0,0.0
CJ1040201184,trending,seasonal_naive,否,18,1.2695,0.5469,56.92,65.0,28.0,56.92
CJ1040201185,lumpy,ma_5,否,13,0.0,0.0,0.0,0.0,0.0,0.0
CJ1040201187,stable,optimized_des,否,13,0.6852,0.2264,66.96,1029.0,340.0,66.96
CJ1040201193,seasonal,seasonal_naive,否,15,0.0747,0.0,100.0,64.0,0.0,100.0
CJ1040201200,intermittent,theta,是,15,0.4622,0.1249,72.97,11.0,2.97,72.97
CJ1040201205,intermittent,interval_based,否,13,1.0989,0.0624,94.33,40.0,2.27,94.33
CJ1040201206,sparse,median_5,否,13,0.0,0.0,0.0,0.0,0.0,0.0
CJ1040201217,intermittent,interval_based,否,13,1.193,0.2638,77.89,455.0,100.61,77.89
CJ1040201218,stable,theta,是,13,0.5345,0.1061,80.14,282.0,56.0,80.14
CJ1040201219,intermittent,median_5,否,13,0.0,0.0,0.0,0.0,0.0,0.0
CJ1040201235,intermittent,median_5,否,22,0.0,0.0,0.0,0.0,0.0,0.0
CJ1040201242,stable,optimized_hw,是,15,0.5649,0.0251,95.56,191.0,8.48,95.56
CJ1040201244,intermittent,adida,是,13,0.7256,0.3325,54.18,55.0,25.2,54.18
CJ1040201248,seasonal,median_5,否,13,0.7937,0.0,100.0,20.0,0.0,100.0
CJ1040201251,intermittent,median_5,否,13,0.25,0.0,100.0,1.0,0.0,100.0
CJ1040201259,intermittent,tsb_opt,否,13,0.2538,0.0191,92.46,20.0,1.51,92.46
CJ1040201341,seasonal,optimized_ses,否,13,0.3484,0.1597,54.16,20.0,9.17,54.16
CJ1040201356,intermittent,croston,是,13,0.7937,0.1875,76.37,40.0,9.45,76.37
CJ1040201357,intermittent,sba,否,13,0.0355,0.0281,20.79,4.0,3.17,20.79
CJ1040201368,intermittent,theta,是,14,0.1887,0.0035,98.15,4.0,0.07,98.15
CJ1040201397,stable,optimized_ses,否,13,0.5687,0.051,91.04,24.0,2.15,91.04
CJ1040201402,intermittent,sba,否,18,0.297,0.0347,88.32,6.0,0.7,88.32
CJ1040201407,intermittent,tsb_opt,否,13,0.3922,0.0291,92.59,16.0,1.19,92.59
CJ1040201416,intermittent,median_5,否,26,0.0,0.0,0.0,0.0,0.0,0.0
CJ1040201417,sparse,interval_based,否,13,3.5,2.269,35.17,70.0,45.38,35.17
CJ1040201459,intermittent,theta,是,15,0.1183,0.0917,22.47,4.0,3.1,22.47
CJ1040201480,seasonal,weighted_ma_5,是,13,2.5,0.119,95.24,7.0,0.33,95.24
CJ1040340308,sparse,median_5,否,24,0.0,0.0,0.0,0.0,0.0,0.0
CJ1040340312,intermittent,median_5,否,14,0.0,0.0,0.0,0.0,0.0,0.0
CJ1040340330,intermittent,median_5,否,25,0.0,0.0,0.0,0.0,0.0,0.0
CJ1040340359,seasonal,optimized_ses,否,20,0.3704,0.1487,59.85,2.0,0.8,59.85
CJ1040340362,intermittent,tsb_opt,否,13,0.5376,0.4496,16.38,5.0,4.18,16.38
CJ1040340372,sparse,median_5,否,24,0.0,0.0,0.0,0.0,0.0,0.0
CJ1040340392,intermittent,median_5,否,18,0.5128,0.0,100.0,4.0,0.0,100.0
CJ1040340439,seasonal,optimized_des,否,14,0.4545,0.0,100.0,7.0,0.0,100.0
CJ1040340451,sparse,ma_5,否,13,1.0,1.0,0.0,2.0,2.0,0.0
CJ1040340456,intermittent,weighted_ma_5,是,25,0.2632,0.0877,66.67,1.0,0.33,66.67
CJ1040340462,intermittent,median_5,否,24,0.0,0.0,0.0,0.0,0.0,0.0
CJ1040340474,stable,naive_drift,是,19,0.7205,0.0086,98.8,25.0,0.3,98.8
CJ1040340475,lumpy,tsb_opt,否,13,0.1613,0.0611,62.13,2.0,0.76,62.13
CJ1040340486,sparse,median_5,否,18,0.625,0.0,100.0,1.0,0.0,100.0
CJ1040340502,seasonal,seasonal_naive,否,15,0.5,0.0,100.0,1.0,0.0,100.0
CJ1040340519,intermittent,theta,是,13,0.2899,0.038,86.9,2.0,0.26,86.9
CJ1040340527,seasonal,theta,是,13,0.7353,0.3238,55.97,5.0,2.2,55.97
CJ1040340529,intermittent,theta,是,13,0.3846,0.3254,15.4,1.0,0.85,15.4
CJ1040340547,erratic,winsorized,是,13,1.9118,1.3971,26.92,13.0,9.5,26.92
CJ1040340552,trending,damped_trend,是,20,1.2975,0.0408,96.85,41.0,1.29,96.85
CJ1040340571,trending,optimized_hw,是,26,0.087,0.0272,68.73,1.0,0.31,68.73
CJ1040340572,erratic,weighted_ma_5,是,13,0.289,0.0193,93.33,5.0,0.33,93.33
CJ1040340574,intermittent,croston,是,13,0.5,0.0037,99.27,1.0,0.01,99.27
CJ1040340586,stable,optimized_hw,是,13,0.2618,0.066,74.79,5.0,1.26,74.79
CJ1040340588,lumpy,interval_based,否,26,0.3261,0.2174,33.33,3.0,2.0,33.33
CJ1040340589,intermittent,interval_based,否,19,0.9091,0.0909,90.0,2.0,0.2,90.0
CJ1040340596,stable,theta,是,26,0.3521,0.0826,76.54,10.0,2.35,76.54
CJ1040340597,seasonal,ma_5,否,24,0.0,0.0,0.0,0.0,0.0,0.0
CJ1040340601,seasonal,optimized_des,否,15,1.3333,0.0302,97.73,2.0,0.05,97.73
CJ1040340609,stable,weighted_ma_5,是,16,0.3571,0.0,100.0,4.0,0.0,100.0
CJ1040340610,stable,ma_3,否,26,0.3049,0.0407,86.67,5.0,0.67,86.67
CJ1040340615,intermittent,ma_3,否,13,2.1053,0.1754,91.67,4.0,0.33,91.67
CJ1040340618,intermittent,winsorized,是,19,0.2083,0.0521,75.0,1.0,0.25,75.0
CJ1040340623,intermittent,interval_based,否,15,0.6061,0.1791,70.45,2.0,0.59,70.45
CJ1040340630,trending,optimized_hw,是,26,0.4545,0.0399,91.22,6.0,0.53,91.22
CJ1040340631,stable,weighted_ma_5,是,21,0.1389,0.0,100.0,1.0,0.0,100.0
CJ1040340632,erratic,naive_drift,是,26,0.5051,0.1515,70.0,10.0,3.0,70.0
CJ1040340633,stable,ma_3,否,20,2.3625,0.356,84.93,73.0,11.0,84.93
CJ1040340635,intermittent,sba,否,21,0.6897,0.1317,80.91,2.0,0.38,80.91
CJ1040340640,intermittent,weighted_ma_5,是,24,0.2857,0.0,100.0,2.0,0.0,100.0
CJ1040340646,trending,optimized_ses,否,14,0.3145,0.005,98.41,5.0,0.08,98.41
CJ1040340653,stable,theta,是,13,0.4651,0.0,100.0,2.0,0.0,100.0
CJ1040340657,erratic,croston,是,13,1.4286,0.0232,98.38,10.0,0.16,98.38
CJ1040340658,seasonal,optimized_des,否,18,0.6897,0.122,82.31,2.0,0.35,82.31
CJ1040340669,intermittent,adida,是,23,1.0638,0.7509,29.41,5.0,3.53,29.41
CJ1040340692,seasonal,theta,是,26,0.4348,0.0,100.0,1.0,0.0,100.0
CJ1040340707,trending,optimized_hw,是,25,0.1303,0.0568,56.4,13.0,5.67,56.4
CJ1040340717,stable,ma_5,否,26,0.0,0.0,0.0,0.0,0.0,0.0
CJ1040340726,lumpy,theta,是,23,0.1442,0.0367,74.57,3.0,0.76,74.57
CJ1040340727,stable,ma_3,否,26,0.5085,0.0,100.0,6.0,0.0,100.0
CJ1040340760,seasonal,seasonal_naive,否,13,2.5,0.0,100.0,4.0,0.0,100.0
CJ1040340819,intermittent,tsb_opt,否,13,0.4167,0.0892,78.59,4.0,0.86,78.59
CJ1040340823,stable,seasonal_naive,否,13,1.1905,0.2381,80.0,5.0,1.0,80.0
CJ1040340828,stable,holt_winters,否,25,0.3604,0.1586,56.0,4.0,1.76,56.0
CJ1040340829,erratic,sba,否,15,0.3546,0.0362,89.79,5.0,0.51,89.79
CJ1040340831,trending,naive_drift,是,13,1.2162,0.8378,31.11,9.0,6.2,31.11
CJ1040340832,intermittent,interval_based,否,13,0.2083,0.0156,92.51,1.0,0.07,92.51
CJ1040340835,seasonal,optimized_ses,否,19,0.2941,0.0208,92.93,1.0,0.07,92.93
CJ1040340839,stable,interval_based,否,26,0.7359,0.5185,29.54,17.0,11.98,29.54
CJ1040340843,stable,optimized_hw,是,26,0.2247,0.0562,74.99,4.0,1.0,74.99
CJ1040340848,intermittent,interval_based,否,13,1.4545,0.8788,39.58,8.0,4.83,39.58
CJ1040340849,intermittent,median_5,否,13,0.0,0.0,0.0,0.0,0.0,0.0
CJ1040340853,stable,interval_based,否,16,1.1236,0.2038,81.86,10.0,1.81,81.86
CJ1040340854,lumpy,adida,是,13,0.5714,0.0448,92.16,2.0,0.16,92.16
CJ1040340855,intermittent,ma_5,否,13,0.0,0.0,0.0,0.0,0.0,0.0
CJ1040340860,seasonal,median_5,否,13,1.0345,0.2463,76.19,21.0,5.0,76.19
CJ1040340864,stable,optimized_des,否,17,1.1386,0.3836,66.31,23.0,7.75,66.31
CJ1040340866,stable,weighted_ma_5,是,13,0.4545,0.0,100.0,2.0,0.0,100.0
CJ1040340873,seasonal,seasonal_naive,否,13,0.25,0.0,100.0,1.0,0.0,100.0
CJ1040340875,intermittent,optimized_ses,否,16,0.8696,0.2679,69.2,4.0,1.23,69.2
CJ1040340880,intermittent,croston,是,25,2.5,0.0638,97.45,8.0,0.2,97.45
CJ1040340903,stable,naive_drift,是,21,0.7447,0.0142,98.1,21.0,0.4,98.1
CJ1040340911,stable,optimized_hw,是,25,0.5085,0.0329,93.54,6.0,0.39,93.54
CJ1040340923,seasonal,ma_3,否,13,1.5385,1.2821,16.67,4.0,3.33,16.67
CJ1040340953,intermittent,winsorized,是,13,1.1475,0.8402,26.79,7.0,5.12,26.79
CJ1040340969,intermittent,ma_5,否,20,0.0,0.0,0.0,0.0,0.0,0.0
CJ1040340971,intermittent,median_5,否,13,0.3846,0.0,100.0,1.0,0.0,100.0
CJ1040340972,stable,theta,是,26,0.4497,0.0443,90.15,21.0,2.07,90.15
CJ1040340973,stable,ma_5,否,13,0.0,0.0,0.0,0.0,0.0,0.0
CJ1040340975,seasonal,seasonal_naive,否,16,0.1429,0.0,100.0,1.0,0.0,100.0
CJ1040340979,stable,interval_based,否,13,0.8,0.2837,64.54,8.0,2.84,64.54
CJ1040340981,intermittent,ma_5,否,17,0.0,0.0,0.0,0.0,0.0,0.0
CJ1040340983,seasonal,ma_3,否,14,0.4478,0.0995,77.78,3.0,0.67,77.78
CJ1040340986,seasonal,theta,是,16,0.1709,0.0638,62.67,2.0,0.75,62.67
CJ1040340989,stable,weighted_ma_5,是,13,0.2778,0.0,100.0,1.0,0.0,100.0
CJ1040341000,erratic,ma_3,否,13,0.5533,0.0862,84.42,107.0,16.67,84.42
CJ1040341007,intermittent,theta,是,16,0.0752,0.0157,79.05,1.0,0.21,79.05
CJ1040341013,stable,holt_winters,否,13,0.7965,0.1594,79.99,9.0,1.8,79.99
CJ1040341017,intermittent,naive_drift,是,13,0.4688,0.1562,66.67,3.0,1.0,66.67
CJ1040341018,stable,weighted_ma_5,是,26,0.1418,0.0473,66.67,2.0,0.67,66.67
CJ1040341026,erratic,theta,是,13,0.5357,0.1593,70.27,3.0,0.89,70.27
CJ1040341027,sparse,median_5,否,13,0.0,0.0,0.0,0.0,0.0,0.0
CJ1040341028,erratic,sba,否,13,0.2662,0.0136,94.91,7.0,0.36,94.91
CJ1040341029,intermittent,adida,是,17,0.7576,0.1667,78.0,5.0,1.1,78.0
CJ1040341031,intermittent,median_5,否,13,0.3125,0.0,100.0,1.0,0.0,100.0
CJ1040341035,seasonal,damped_trend,是,21,0.3086,0.0333,89.21,5.0,0.54,89.21
CJ1040341036,intermittent,naive_drift,是,16,0.2857,0.2,30.0,1.0,0.7,30.0
CJ1040341037,seasonal,median_5,否,26,0.354,0.0885,75.0,4.0,1.0,75.0
CJ1040341038,stable,weighted_ma_5,是,13,0.1124,0.0375,66.67,2.0,0.67,66.67
CJ1040341039,stable,naive_drift,是,13,0.5682,0.1364,76.0,5.0,1.2,76.0
CJ1040341041,stable,ma_5,否,13,0.0,0.0,0.0,0.0,0.0,0.0
CJ1040341042,sparse,croston,是,16,0.4762,0.0512,89.24,1.0,0.11,89.24
CJ1040341047,seasonal,ma_5,否,18,0.0,0.0,0.0,0.0,0.0,0.0
CJ1040341048,seasonal,median_5,否,20,1.3636,0.0,100.0,3.0,0.0,100.0
CJ1040341052,intermittent,ma_5,否,13,0.0,0.0,0.0,0.0,0.0,0.0
CJ1040341053,stable,ma_7,否,26,0.0877,0.0251,71.43,1.0,0.29,71.43
CJ1040341061,intermittent,median_5,否,20,2.1429,1.4286,33.33,3.0,2.0,33.33
CJ1040341065,intermittent,interval_based,否,13,2.0588,0.8289,59.74,7.0,2.82,59.74
CJ1040341081,intermittent,ma_5,否,13,0.0,0.0,0.0,0.0,0.0,0.0
CJ1040341083,seasonal,ma_3,否,14,0.4202,0.0,100.0,5.0,0.0,100.0
CJ1040341091,intermittent,ma_5,否,13,0.0,0.0,0.0,0.0,0.0,0.0
CJ1040341093,intermittent,sba,否,13,0.5405,0.1255,76.79,2.0,0.46,76.79
CJ1040341097,stable,theta,是,13,1.4208,1.1901,16.24,26.0,21.78,16.24
CJ1040341100,lumpy,winsorized,是,13,0.9091,0.2841,68.75,5.0,1.56,68.75
CJ1040341106,intermittent,ma_5,否,22,0.0,0.0,0.0,0.0,0.0,0.0
CJ1040341111,stable,naive_drift,是,13,0.6481,0.0185,97.14,14.0,0.4,97.14
CJ1040341112,lumpy,weighted_ma_5,是,14,0.2299,0.0766,66.67,4.0,1.33,66.67
CJ1040341120,intermittent,sba,否,18,2.1429,0.1557,92.73,3.0,0.22,92.73
CJ1040341122,seasonal,optimized_des,否,14,1.0574,0.3861,63.48,35.0,12.78,63.48
CJ1040341126,intermittent,optimized_ses,否,26,0.3846,0.0037,99.04,1.0,0.01,99.04
CJ1040341127,intermittent,optimized_ses,否,13,0.3226,0.0036,98.87,1.0,0.01,98.87
CJ1040341128,seasonal,seasonal_naive,否,15,0.5263,0.2632,50.0,2.0,1.0,50.0
CJ1040341129,intermittent,median_5,否,13,0.0,0.0,0.0,0.0,0.0,0.0
CJ1040341130,seasonal,ma_5,否,23,0.3333,0.3333,0.0,1.0,1.0,0.0
CJ1040341137,intermittent,adida,是,22,0.2128,0.0083,96.08,1.0,0.04,96.08
CJ1040341144,seasonal,seasonal_naive,否,14,0.8511,0.2128,75.0,4.0,1.0,75.0
CJ1040341149,intermittent,ma_3,否,17,0.2174,0.0725,66.67,1.0,0.33,66.67
CJ1040341171,stable,seasonal_naive,否,13,0.6186,0.3093,50.0,6.0,3.0,50.0
CJ1040341181,intermittent,weighted_ma_5,是,25,0.1887,0.1258,33.33,1.0,0.67,33.33
CJ1040341183,intermittent,naive_drift,是,24,0.8621,0.1034,88.0,5.0,0.6,88.0
CJ1040341185,intermittent,adida,是,24,0.5,0.151,69.79,2.0,0.6,69.79
CJ1040341192,intermittent,croston,是,17,0.8621,0.0268,96.89,5.0,0.16,96.89
CJ1040341197,intermittent,croston,是,17,0.8511,0.0577,93.22,4.0,0.27,93.22
CJ1040341198,seasonal,seasonal_naive,否,16,1.8182,1.2121,33.33,6.0,4.0,33.33
CJ1040341208,intermittent,winsorized,是,20,0.6,0.025,95.83,3.0,0.12,95.83
CJ1040341215,trending,theta,是,13,2.3077,1.4708,36.27,9.0,5.74,36.27
CJ1040341218,intermittent,adida,是,23,0.7143,0.0047,99.35,3.0,0.02,99.35
CJ1040341223,intermittent,ma_5,否,13,0.0,0.0,0.0,0.0,0.0,0.0
CJ1040341230,seasonal,ma_3,否,15,0.5405,0.0901,83.33,2.0,0.33,83.33
CJ1040341234,seasonal,theta,是,14,0.8571,0.3336,61.08,3.0,1.17,61.08
CJ1040341243,trending,naive_drift,是,23,0.0,0.0,0.0,0.0,0.0,0.0
CJ1040341246,intermittent,croston,是,13,0.8824,0.163,81.52,3.0,0.55,81.52
CJ1040341247,intermittent,ma_5,否,13,0.0,0.0,0.0,0.0,0.0,0.0
CJ1040341251,lumpy,weighted_ma_5,是,13,0.1613,0.0,100.0,2.0,0.0,100.0
CJ1040341254,intermittent,croston,是,16,0.4545,0.0104,97.72,1.0,0.02,97.72
CJ1040341258,trending,theta,是,13,0.9434,0.4514,52.15,5.0,2.39,52.15
CJ1040341262,stable,ma_3,否,13,0.1794,0.0448,75.0,4.0,1.0,75.0
CJ1040341263,seasonal,seasonal_naive,否,13,2.3881,1.6418,31.25,16.0,11.0,31.25
CJ1040341270,intermittent,interval_based,否,22,1.1111,0.1725,84.47,7.0,1.09,84.47
CJ1040341287,intermittent,croston,是,13,1.0526,0.0614,94.17,2.0,0.12,94.17
CJ1040341291,stable,optimized_des,否,26,0.9774,0.538,44.96,13.0,7.16,44.96
CJ1040341292,intermittent,adida,是,13,1.25,0.026,97.92,2.0,0.04,97.92
CJ1040341295,seasonal,theta,是,17,0.0,0.0,0.0,0.0,0.0,0.0
CJ1040341299,seasonal,damped_trend,是,26,0.6349,0.226,64.41,8.0,2.85,64.41
CJ1040341307,intermittent,croston,是,13,2.3913,0.3185,86.68,11.0,1.46,86.68
CJ1040341325,intermittent,croston,是,13,2.4242,0.0442,98.18,8.0,0.15,98.18
CJ1040341332,intermittent,ma_5,否,13,0.0,0.0,0.0,0.0,0.0,0.0
CJ1040341380,seasonal,ma_3,否,15,1.4286,0.1587,88.89,3.0,0.33,88.89
CJ1040341397,stable,optimized_hw,是,14,0.315,0.112,64.44,4.0,1.42,64.44
CJ1040341398,stable,ma_5,否,15,0.0,0.0,0.0,0.0,0.0,0.0
CJ1040341399,intermittent,ma_5,否,13,0.0,0.0,0.0,0.0,0.0,0.0
CJ1040341404,seasonal,optimized_ses,否,19,0.5263,0.1095,79.19,4.0,0.83,79.19
CJ1040341459,stable,naive_drift,是,13,0.8696,0.1118,87.14,28.0,3.6,87.14
CJ1040341460,intermittent,sba,否,17,1.9192,0.1299,93.23,19.0,1.29,93.23
CJ1040341526,stable,optimized_des,否,26,0.873,0.0018,99.79,11.0,0.02,99.79
CJ1040341536,intermittent,winsorized,是,15,1.1111,0.625,43.75,2.0,1.12,43.75
CJ1040341538,stable,seasonal_naive,否,13,0.7664,0.1095,85.71,21.0,3.0,85.71
CJ1040341628,stable,seasonal_naive,否,13,0.9524,0.4762,50.0,4.0,2.0,50.0
CJ1040760105,intermittent,ma_3,否,13,0.3176,0.2196,30.86,54.0,37.33,30.86
CJ1040760108,intermittent,interval_based,否,15,1.3898,0.7754,44.21,41.0,22.88,44.21
CJ1040760154,intermittent,winsorized,是,15,2.7778,1.3889,50.0,5.0,2.5,50.0
CJ1040760172,intermittent,winsorized,是,13,0.1664,0.1106,33.55,19.0,12.62,33.55
CJ1111051073,lumpy,croston,是,14,1.4098,0.3511,75.1,150.0,37.36,75.1
CJ1111051075,intermittent,theta,是,15,0.678,0.0723,89.34,80.0,8.53,89.34
CJ1111051123,intermittent,theta,是,13,0.6383,0.0556,91.28,18.0,1.57,91.28
CJ1111051141,lumpy,winsorized,是,13,0.2322,0.0382,83.57,35.0,5.75,83.57
CJ1111051217,seasonal,median_5,否,14,1.0084,0.0,100.0,24.0,0.0,100.0
CJ1111051221,seasonal,theta,是,16,0.2,0.2,0.0,10.0,10.0,0.0
CJ1111051228,intermittent,adida,是,21,2.943,0.8828,70.0,191.0,57.29,70.0
CJ1111100030,intermittent,median_5,否,15,0.4194,0.0,100.0,13.0,0.0,100.0
CJ1111220109,seasonal,theta,是,14,0.7184,0.2966,58.71,50.0,20.64,58.71
CJ1111220110,intermittent,theta,是,15,0.8671,0.1679,80.63,30.0,5.81,80.63
CJ1212030698,intermittent,weighted_ma_5,是,23,0.0935,0.0623,33.33,10.0,6.67,33.33
CJ1212030818,sparse,winsorized,是,25,0.4065,0.0085,97.92,30.0,0.62,97.92
CJ1212031226,seasonal,optimized_hw,是,20,0.9091,0.1454,84.0,20.0,3.2,84.0
CJ1212031361,intermittent,tsb_opt,否,14,0.3846,0.0107,97.23,15.0,0.42,97.23
CJ1212031372,intermittent,adida,是,26,0.5,0.4005,19.91,13.0,10.41,19.91
CJ1212031378,intermittent,sba,否,13,1.1952,0.668,44.11,60.0,33.53,44.11
CJ1212031399,intermittent,interval_based,否,13,0.1915,0.021,89.03,18.0,1.97,89.03
CJ1212031529,sparse,tsb_opt,否,13,0.1136,0.0349,69.31,5.0,1.53,69.31
CJ1212031552,intermittent,sba,否,18,0.5155,0.217,57.9,20.0,8.42,57.9
CJ1212031895,lumpy,ma_5,否,24,0.1429,0.1429,0.0,5.0,5.0,0.0
CJ1212031913,seasonal,seasonal_naive,否,25,0.8442,0.0,100.0,65.0,0.0,100.0
CJ1212031940,sparse,median_5,否,20,0.4271,0.0,100.0,17.0,0.0,100.0
CJ1212031949,intermittent,winsorized,是,13,0.2047,0.0402,80.36,7.0,1.38,80.36
CJ1212031968,intermittent,winsorized,是,13,0.6522,0.0543,91.67,15.0,1.25,91.67
CJ1212031981,intermittent,median_5,否,16,0.6061,0.0,100.0,20.0,0.0,100.0
CJ1212031988,seasonal,optimized_ses,否,17,0.036,0.0174,51.64,1.0,0.48,51.64
CJ1212031995,intermittent,median_5,否,20,0.2963,0.0741,75.0,20.0,5.0,75.0
CJ1212031997,sparse,tsb_opt,否,13,0.3731,0.3212,13.92,15.0,12.91,13.92
CJ1212032036,trending,theta,是,26,0.0734,0.0018,97.59,30.0,0.72,97.59
CJ1212032040,sparse,ma_5,否,15,0.0,0.0,0.0,0.0,0.0,0.0
CJ1212032064,intermittent,median_5,否,22,0.2786,0.0619,77.78,9.0,2.0,77.78
CJ1212032078,erratic,tsb_opt,否,13,0.2622,0.1548,40.98,45.0,26.56,40.98
CJ1212032086,trending,seasonal_naive,否,13,0.3023,0.2791,7.69,13.0,12.0,7.69
CJ1212032088,intermittent,median_5,否,14,0.3636,0.0,100.0,20.0,0.0,100.0
CJ1212032097,sparse,tsb_opt,否,25,0.2358,0.0707,70.02,5.0,1.5,70.02
CJ1212032104,stable,theta,是,20,0.1721,0.0128,92.57,21.0,1.56,92.57
CJ1212032149,sparse,sba,否,13,0.6809,0.1183,82.62,35.0,6.08,82.62
CJ1212032194,intermittent,ma_5,否,24,0.0,0.0,0.0,0.0,0.0,0.0
CJ1212032201,sparse,tsb_opt,否,13,0.15,0.0584,61.1,3.0,1.17,61.1
CJ1212032216,erratic,tsb_opt,否,13,0.0786,0.0039,94.99,10.0,0.5,94.99
CJ1212032235,intermittent,weighted_ma_5,是,20,0.1878,0.0156,91.67,4.0,0.33,91.67
CJ1212032238,seasonal,optimized_hw,是,14,0.419,0.0041,99.02,15.0,0.15,99.02
CJ1212032250,intermittent,croston,是,13,1.6,0.7095,55.65,40.0,17.74,55.65
CJ1212032251,intermittent,median_5,否,13,0.0,0.0,0.0,0.0,0.0,0.0
CJ1212032263,sparse,ma_3,否,18,0.1587,0.0529,66.67,10.0,3.33,66.67
CJ1212032264,intermittent,winsorized,是,13,0.3759,0.188,50.0,10.0,5.0,50.0
CJ1212032273,seasonal,ma_3,否,25,0.0683,0.0228,66.67,10.0,3.33,66.67
CJ1212032287,sparse,winsorized,是,24,0.4573,0.0381,91.67,15.0,1.25,91.67
CJ1212032291,seasonal,optimized_ses,否,14,0.0614,0.0031,94.98,5.0,0.25,94.98
CJ1212032307,seasonal,theta,是,16,0.4082,0.1809,55.69,8.0,3.54,55.69
CJ1212032371,sparse,winsorized,是,26,0.1172,0.0415,64.58,3.0,1.06,64.58
CJ1212032376,intermittent,median_5,否,14,0.4283,0.1071,75.0,40.0,10.0,75.0
CJ1212032399,sparse,ma_5,否,19,0.0,0.0,0.0,0.0,0.0,0.0
CJ1212032417,intermittent,tsb_opt,否,13,0.0177,0.0092,48.01,2.0,1.04,48.01
CJ1212032425,intermittent,naive_drift,是,13,0.6608,0.0,100.0,30.0,0.0,100.0
CJ1212032426,sparse,median_5,否,13,0.0,0.0,0.0,0.0,0.0,0.0
CJ1212032428,sparse,median_5,否,26,0.0,0.0,0.0,0.0,0.0,0.0
CJ1212032436,sparse,winsorized,是,22,0.5814,0.0121,97.92,15.0,0.31,97.92
CJ1212032444,intermittent,interval_based,否,26,0.927,0.2356,74.58,33.0,8.39,74.58
CJ1212032446,intermittent,tsb_opt,否,25,0.2941,0.126,57.15,10.0,4.29,57.15
CJ1212032449,seasonal,seasonal_naive,否,21,0.5993,0.0856,85.71,35.0,5.0,85.71
CJ1212032452,intermittent,tsb_opt,否,21,0.4796,0.0709,85.21,40.0,5.92,85.21
CJ1212032501,seasonal,seasonal_naive,否,15,1.2821,0.0,100.0,20.0,0.0,100.0
CJ1212032503,seasonal,damped_trend,是,13,0.7785,0.1712,78.01,45.0,9.89,78.01
CJ1212032515,sparse,median_5,否,16,1.0714,0.0,100.0,15.0,0.0,100.0
CJ1212032521,stable,interval_based,否,20,0.2275,0.0046,98.0,40.0,0.8,98.0
CJ1212032523,intermittent,adida,是,14,0.4785,0.0718,85.0,20.0,3.0,85.0
CJ1212032536,seasonal,seasonal_naive,否,24,0.0249,0.0,100.0,1.0,0.0,100.0
CJ1212032538,seasonal,ma_3,否,15,0.0877,0.0292,66.67,5.0,1.67,66.67
CJ1212032548,intermittent,median_5,否,15,0.4128,0.0917,77.78,9.0,2.0,77.78
CJ1212032576,intermittent,tsb_opt,否,20,0.3731,0.0973,73.94,10.0,2.61,73.94
CJ1212032581,sparse,median_5,否,26,0.7692,0.0,100.0,10.0,0.0,100.0
CJ1212032597,intermittent,weighted_ma_5,是,13,0.6757,0.0751,88.89,15.0,1.67,88.89
CJ1212032615,lumpy,winsorized,是,13,0.0373,0.0233,37.5,1.0,0.63,37.5
CJ1212032672,lumpy,weighted_ma_5,是,25,0.3383,0.0125,96.3,9.0,0.33,96.3
CJ1212032684,intermittent,median_5,否,26,0.8982,0.0,100.0,30.0,0.0,100.0
CJ1212032708,sparse,median_5,否,15,0.0,0.0,0.0,0.0,0.0,0.0
CJ1212032722,intermittent,winsorized,是,24,0.4739,0.1851,60.94,40.0,15.62,60.94
CJ1212032727,sparse,tsb_opt,否,13,0.25,0.0187,92.5,7.0,0.52,92.5
CJ1212032728,intermittent,winsorized,是,24,0.8926,0.5733,35.76,108.0,69.38,35.76
CJ1212032729,intermittent,weighted_ma_5,是,13,0.1564,0.1042,33.33,20.0,13.33,33.33
CJ1212032799,seasonal,seasonal_naive,否,13,0.2994,0.0,100.0,10.0,0.0,100.0
CJ1212032943,lumpy,winsorized,是,13,0.0,0.0,0.0,0.0,0.0,0.0
CJ1212032946,seasonal,ma_3,否,13,0.499,0.0762,84.72,24.0,3.67,84.72
CJ1212032958,lumpy,median_5,否,13,0.4355,0.1742,60.0,50.0,20.0,60.0
CJ1212032959,lumpy,tsb_opt,否,13,2.0606,1.2454,39.56,68.0,41.1,39.56
CJ1212032972,intermittent,median_5,否,23,0.3571,0.0,100.0,10.0,0.0,100.0
CJ1212033035,intermittent,median_5,否,26,0.8555,0.0951,88.89,45.0,5.0,88.89
CJ1212033042,intermittent,weighted_ma_5,是,21,0.3191,0.1418,55.56,30.0,13.33,55.56
CJ1212033089,seasonal,seasonal_naive,否,26,0.0,0.0,0.0,0.0,0.0,0.0
CJ1212033111,stable,ma_7,否,13,0.8728,0.6562,24.81,190.0,142.86,24.81
CJ1212033182,seasonal,optimized_des,否,13,0.0,0.0,0.0,0.0,0.0,0.0
CJ1212033334,stable,holt_winters,否,23,0.167,0.0067,96.01,30.0,1.2,96.01
CJ1212033343,intermittent,croston,是,16,0.7143,0.0275,96.15,30.0,1.16,96.15
CJ1212033395,intermittent,ma_5,否,15,0.1951,0.1951,0.0,8.0,8.0,0.0
CJ1212033409,intermittent,interval_based,否,13,0.7546,0.1705,77.41,262.0,59.2,77.41
CJ1212033435,stable,theta,是,24,0.0939,0.0204,78.31,15.0,3.25,78.31
CJ1212033462,intermittent,optimized_ses,否,13,0.7431,0.0219,97.05,92.0,2.72,97.05
CJ1212033463,intermittent,sba,否,21,1.4286,0.7275,49.08,80.0,40.74,49.08
CJ1212033765,intermittent,interval_based,否,13,2.0325,1.0582,47.94,50.0,26.03,47.94
CJ1212033786,sparse,ma_3,否,13,0.2941,0.098,66.67,5.0,1.67,66.67
CJ1212033790,intermittent,optimized_ses,否,13,0.289,0.1098,62.02,10.0,3.8,62.02
CJ1212033791,intermittent,adida,是,13,1.3425,0.024,98.21,49.0,0.88,98.21
CJ1212033792,erratic,winsorized,是,13,0.5632,0.2011,64.29,70.0,25.0,64.29
CJ1212033793,seasonal,theta,是,19,0.6897,0.2164,68.63,160.0,50.19,68.63
CJ1212033794,intermittent,interval_based,否,14,0.0756,0.0,100.0,6.0,0.0,100.0
CJ1212033795,intermittent,adida,是,26,1.3393,0.7791,41.83,45.0,26.18,41.83
CJ1212033813,stable,theta,是,26,0.585,0.166,71.62,84.0,23.84,71.62
CJ1212033818,intermittent,tsb_opt,否,13,0.2381,0.019,92.04,10.0,0.8,92.04
CJ1212033820,seasonal,seasonal_naive,否,22,0.989,0.2381,75.93,54.0,13.0,75.93
CJ1212033827,intermittent,ma_5,否,13,0.0758,0.0758,0.0,1.0,1.0,0.0
CJ1212033858,seasonal,median_5,否,14,1.0714,0.0,100.0,30.0,0.0,100.0
CJ1212033861,seasonal,theta,是,14,1.2035,0.8827,26.66,453.0,332.23,26.66
CJ1212033873,lumpy,winsorized,是,16,0.1842,0.0844,54.17,21.0,9.62,54.17
CJ1212033936,sparse,tsb_opt,否,13,0.3247,0.1385,57.35,5.0,2.13,57.35
CJ1212033963,lumpy,ma_5,否,13,0.4545,0.4545,0.0,60.0,60.0,0.0
CJ1212033968,intermittent,ma_3,否,13,0.0452,0.0,100.0,1.0,0.0,100.0
CJ1212033974,lumpy,median_5,否,23,0.1748,0.0,100.0,10.0,0.0,100.0
CJ1212033977,intermittent,interval_based,否,14,0.1786,0.0238,86.67,5.0,0.67,86.67
CJ1212034103,intermittent,sba,否,13,0.6329,0.1027,83.77,30.0,4.87,83.77
CJ1212034109,intermittent,sba,否,16,0.2439,0.0074,96.98,10.0,0.3,96.98
CJ1212034140,intermittent,median_5,否,13,0.0,0.0,0.0,0.0,0.0,0.0
CJ1212034141,lumpy,median_5,否,22,0.0,0.0,0.0,0.0,0.0,0.0
CJ1212034152,intermittent,median_5,否,15,0.6494,0.0,100.0,5.0,0.0,100.0
CJ1212034176,intermittent,weighted_ma_5,是,25,0.1287,0.0429,66.67,7.0,2.33,66.67
CJ1212034193,sparse,ma_3,否,13,1.5504,0.7752,50.0,40.0,20.0,50.0
CJ1212034223,seasonal,optimized_ses,否,21,0.0641,0.0072,88.7,20.0,2.26,88.7
CJ1212034266,trending,naive_drift,是,20,1.5385,0.0,100.0,40.0,0.0,100.0
CJ1212034275,stable,damped_trend,是,17,0.3344,0.0539,83.89,190.0,30.6,83.89
CJ1212034276,intermittent,adida,是,13,0.4785,0.0199,95.83,60.0,2.5,95.83
CJ1212034277,seasonal,damped_trend,是,13,0.303,0.0812,73.22,70.0,18.75,73.22
CJ1212034278,seasonal,holt_winters,否,18,0.3571,0.0,100.0,10.0,0.0,100.0
CJ1212034279,stable,theta,是,25,0.5181,0.0605,88.33,180.0,21.01,88.33
CJ1212034282,sparse,median_5,否,21,1.4022,0.0,100.0,76.0,0.0,100.0
CJ1212034284,intermittent,winsorized,是,21,0.25,0.1042,58.33,15.0,6.25,58.33
CJ1212034302,seasonal,seasonal_naive,否,15,2.2623,0.8197,63.77,69.0,25.0,63.77
CJ1212034303,stable,weighted_ma_5,是,13,0.27,0.0382,85.83,200.0,28.33,85.83
CJ1212034328,stable,ma_7,否,13,0.1724,0.0192,88.89,18.0,2.0,88.89
CJ1212034348,intermittent,tsb_opt,否,24,0.1471,0.0085,94.24,4.0,0.23,94.24
CJ1212034443,seasonal,optimized_hw,是,13,0.1485,0.0729,50.95,3.0,1.47,50.95
CJ1212034464,intermittent,weighted_ma_5,是,23,0.2137,0.0712,66.67,5.0,1.67,66.67
CJ1212034485,trending,ma_5,否,26,0.0,0.0,0.0,0.0,0.0,0.0
CJ1212034672,intermittent,tsb_opt,否,15,0.4808,0.0006,99.87,10.0,0.01,99.87
CJ1212034674,intermittent,median_5,否,16,0.4938,0.0,100.0,20.0,0.0,100.0
CJ1212034703,lumpy,sba,否,13,0.3448,0.0102,97.03,9.0,0.27,97.03
CJ1212034709,lumpy,croston,是,18,0.6667,0.0454,93.19,17.0,1.16,93.19
CJ1212034718,lumpy,weighted_ma_5,是,26,0.6796,0.0324,95.24,14.0,0.67,95.24
CJ1212034772,intermittent,sba,否,25,0.7292,0.2638,63.83,35.0,12.66,63.83
CJ1212034797,intermittent,adida,是,26,0.1695,0.0341,79.9,4.0,0.8,79.9
CJ1212034804,trending,optimized_hw,是,20,0.2976,0.0901,69.73,50.0,15.14,69.73
CJ1212060185,intermittent,adida,是,13,0.75,0.0919,87.75,12.0,1.47,87.75
CJ1212060318,intermittent,median_5,否,13,0.0,0.0,0.0,0.0,0.0,0.0
CJ2070550057,seasonal,seasonal_naive,否,15,2.1187,0.1979,90.66,182.0,17.0,90.66
CJ2070550064,stable,interval_based,否,13,1.0281,0.7763,24.49,300.0,226.53,24.49
CJ2070550069,intermittent,median_5,否,13,0.0,0.0,0.0,0.0,0.0,0.0
CJ2070550077,intermittent,ma_5,否,13,0.0,0.0,0.0,0.0,0.0,0.0
CJ2121020027,intermittent,ma_5,否,13,0.0,0.0,0.0,0.0,0.0,0.0
CJ2121020032,intermittent,winsorized,是,13,0.5278,0.288,45.43,520.0,283.75,45.43
CJ2121040300,stable,ma_7,否,26,0.1182,0.0169,85.71,1000.0,142.86,85.71
CJ2121040457,stable,weighted_ma_5,是,15,0.1681,0.0,100.0,400.0,0.0,100.0
CJ2121041464,seasonal,ma_5,否,13,0.0,0.0,0.0,0.0,0.0,0.0
CJ2121041586,seasonal,optimized_hw,是,13,0.2,0.0466,76.7,100.0,23.3,76.7
CJ2121050051,intermittent,optimized_ses,否,13,0.9677,0.0242,97.5,60.0,1.5,97.5
CJ2121050251,intermittent,interval_based,否,26,0.3132,0.0038,98.8,30.0,0.36,98.8
CJ2121050358,intermittent,median_5,否,16,0.0,0.0,0.0,0.0,0.0,0.0
CJ2121050359,intermittent,croston,是,21,0.1786,0.1185,33.63,20.0,13.27,33.63
CJ2121050500,seasonal,theta,是,14,0.3846,0.1028,73.27,70.0,18.71,73.27
CJ2121050514,seasonal,ma_3,否,14,0.3981,0.2875,27.78,120.0,86.67,27.78
CJ2121050565,seasonal,theta,是,23,0.0,0.0,0.0,0.0,0.0,0.0
CJ2121050605,intermittent,ma_5,否,21,0.0,0.0,0.0,0.0,0.0,0.0
CJ2121050621,seasonal,optimized_des,否,13,0.0,0.0,0.0,0.0,0.0,0.0
CJ2121050630,seasonal,optimized_ses,否,20,0.1987,0.067,66.26,30.0,10.12,66.26
CJ2121050631,seasonal,weighted_ma_5,是,13,0.5263,0.1754,66.67,30.0,10.0,66.67
CJ2121050635,seasonal,optimized_des,否,13,0.3846,0.1137,70.43,100.0,29.57,70.43
CJ2121050642,intermittent,ma_5,否,15,0.0,0.0,0.0,0.0,0.0,0.0
CJ2121050645,intermittent,theta,是,16,0.5424,0.0014,99.74,140.0,0.36,99.74
CJ2121050654,stable,theta,是,23,0.3387,0.0398,88.24,119.0,14.0,88.24
CJ2121050678,seasonal,ma_5,否,20,0.0,0.0,0.0,0.0,0.0,0.0
CJ2121050685,stable,naive_drift,是,13,0.7469,0.1022,86.31,811.0,111.0,86.31
CJ2121050705,intermittent,ma_3,否,13,0.4545,0.1515,66.67,30.0,10.0,66.67
CJ2121050720,intermittent,adida,是,24,0.4606,0.074,83.94,69.0,11.08,83.94
CJ2121060387,stable,optimized_des,否,20,0.2899,0.0348,87.99,80.0,9.61,87.99
CJ2121060433,intermittent,median_5,否,14,0.0,0.0,0.0,0.0,0.0,0.0
CJ2121060465,seasonal,optimized_des,否,19,0.6267,0.0,100.0,90.0,0.0,100.0
CJ2121080021,seasonal,seasonal_naive,否,21,0.1579,0.0789,50.0,600.0,300.0,50.0
CJ2121080094,intermittent,naive_drift,是,13,0.632,0.0037,99.41,850.0,5.0,99.41
CJ2121080680,intermittent,optimized_ses,否,13,0.5556,0.0713,87.17,100.0,12.83,87.17
CJ2121080953,intermittent,ma_3,否,13,0.1497,0.0499,66.67,500.0,166.67,66.67
CJ2121081227,seasonal,ma_5,否,13,0.0,0.0,0.0,0.0,0.0,0.0
CJ2121090013,seasonal,optimized_hw,是,16,0.251,0.047,81.26,600.0,112.42,81.26
CJ2121090050,stable,holt_winters,否,19,0.4762,0.1481,68.89,700.0,217.75,68.89
CJ2121090635,intermittent,winsorized,是,13,0.7143,0.4911,31.25,100.0,68.75,31.25
CJ2121090901,seasonal,damped_trend,是,13,0.0262,0.0173,33.95,100.0,66.05,33.95
CJ2121091171,intermittent,tsb_opt,否,18,0.2083,0.0259,87.57,100.0,12.43,87.57
CJ2122140016,stable,weighted_ma_5,是,22,0.033,0.0,100.0,100.0,0.0,100.0
CJ2222120092,sparse,ma_5,否,22,0.6801,0.6801,0.0,37.0,37.0,0.0
CJ2222120130,lumpy,naive_drift,是,13,1.7886,0.7642,57.27,220.0,94.0,57.27
CJ2222120135,trending,optimized_des,否,26,0.0702,0.0496,29.37,4.0,2.83,29.37
CJ2222120138,seasonal,seasonal_naive,否,13,1.3869,0.292,78.95,38.0,8.0,78.95
CJ2222120174,intermittent,adida,是,22,3.2751,0.7424,77.33,150.0,34.0,77.33
CJ2222120177,intermittent,winsorized,是,23,0.6849,0.0571,91.67,30.0,2.5,91.67
CJ2222120204,sparse,weighted_ma_5,是,13,0.3252,0.1897,41.67,4.0,2.33,41.67
CJ2222130377,stable,ma_3,否,13,0.0886,0.0189,78.65,178.0,38.0,78.65
CJ2222130415,sparse,median_5,否,26,0.0,0.0,0.0,0.0,0.0,0.0
CJ2222130416,trending,optimized_des,否,26,0.0,0.0,0.0,0.0,0.0,0.0
CJ2222130522,intermittent,winsorized,是,15,0.3849,0.0241,93.75,50.0,3.12,93.75
CJ2222130718,intermittent,ma_5,否,17,0.0,0.0,0.0,0.0,0.0,0.0
CJ2222130724,seasonal,ma_5,否,16,0.0,0.0,0.0,0.0,0.0,0.0
CJ2222130794,intermittent,ma_5,否,14,0.0,0.0,0.0,0.0,0.0,0.0
CJ2222130798,trending,seasonal_naive,否,20,0.2469,0.1235,50.0,100.0,50.0,50.0
CJ2222140077,intermittent,winsorized,是,13,0.3571,0.0223,93.75,100.0,6.25,93.75
CJ2222140171,intermittent,adida,是,16,0.3448,0.0118,96.57,200.0,6.86,96.57
CJ2222200062,seasonal,optimized_des,否,13,0.0,0.0,0.0,0.0,0.0,0.0
CJ2222200075,intermittent,theta,是,24,0.0607,0.0118,80.49,100.0,19.51,80.49
CJ2222200215,intermittent,tsb_opt,否,14,0.3448,0.094,72.74,50.0,13.63,72.74
CJ2222280036,intermittent,ma_3,否,13,0.8137,0.2712,66.67,200.0,66.67,66.67
CJ2222280037,intermittent,interval_based,否,13,0.2601,0.065,75.0,40.0,10.0,75.0
CJ2222280038,trending,holt_winters,否,14,1.2198,0.6104,49.95,343.0,171.66,49.95
CJ2222280039,seasonal,holt_winters,否,14,1.2314,0.6501,47.2,348.0,183.73,47.2
CJ2222280040,intermittent,ma_3,否,13,0.0697,0.0465,33.33,10.0,6.67,33.33
CJ2222280041,intermittent,ma_3,否,13,0.676,0.4153,38.57,242.0,148.67,38.57
CJ2222280042,intermittent,interval_based,否,13,0.5817,0.2654,54.38,105.0,47.9,54.38
CJ2222280048,seasonal,median_5,否,14,0.2441,0.0,100.0,29.0,0.0,100.0
CJ2222280049,seasonal,optimized_ses,否,14,0.0984,0.0213,78.31,11.0,2.39,78.31
CJ2222280080,intermittent,ma_5,否,24,0.0126,0.0126,0.0,1.0,1.0,0.0
CJ2222280081,intermittent,ma_5,否,24,0.0126,0.0126,0.0,1.0,1.0,0.0
CJ2222280084,intermittent,tsb_opt,否,13,0.6935,0.106,84.72,100.0,15.28,84.72
CJ2222280085,intermittent,tsb_opt,否,13,0.6935,0.106,84.72,100.0,15.28,84.72
CJ2222280086,intermittent,tsb_opt,否,13,0.6935,0.106,84.72,100.0,15.28,84.72
CJ2222280087,intermittent,ma_5,否,24,0.0126,0.0126,0.0,1.0,1.0,0.0
CJ4040030089,sparse,weighted_ma_5,是,13,0.6061,0.101,83.33,2.0,0.33,83.33
CJ4040090319,seasonal,holt_winters,否,26,0.3804,0.0629,83.46,35.0,5.79,83.46
CJ4040090320,seasonal,optimized_hw,是,26,0.4945,0.0845,82.91,45.0,7.69,82.91
CJ4040090397,seasonal,theta,是,14,0.5204,0.2068,60.27,23.0,9.14,60.27
CJ4040090398,seasonal,theta,是,14,0.5157,0.1613,68.73,23.0,7.19,68.73
CJ4040090417,seasonal,median_5,否,23,0.1099,0.0,100.0,3.0,0.0,100.0
CJ4040090418,seasonal,optimized_ses,否,23,0.6143,0.1617,73.68,18.0,4.74,73.68
CJ4040090419,intermittent,theta,是,16,0.5556,0.0913,83.57,5.0,0.82,83.57
CJ4040090420,lumpy,theta,是,16,1.0227,0.6204,39.34,9.0,5.46,39.34
CJ4040090427,stable,holt_winters,否,18,0.8456,0.0346,95.91,23.0,0.94,95.91
CJ4040090428,stable,holt_winters,否,18,0.7778,0.0236,96.96,21.0,0.64,96.96
CJ4040090433,lumpy,croston,是,13,1.9149,0.0043,99.77,45.0,0.1,99.77
CJ4040090434,lumpy,croston,是,13,1.7647,0.0135,99.23,45.0,0.35,99.23
CJ4040090435,lumpy,winsorized,是,18,0.1364,0.108,20.83,6.0,4.75,20.83
CJ4040090436,lumpy,winsorized,是,18,0.1364,0.108,20.83,6.0,4.75,20.83
CJ4040090439,intermittent,optimized_ses,否,21,0.7692,0.0784,89.8,2.0,0.2,89.8
CJ4040090440,intermittent,adida,是,21,0.7692,0.0769,90.0,2.0,0.2,90.0
CJ4040090459,lumpy,ma_3,否,13,1.1765,0.3922,66.67,20.0,6.67,66.67
CJ4040090460,seasonal,holt_winters,否,14,1.1628,0.0051,99.56,20.0,0.09,99.56
CJ4040090467,intermittent,croston,是,20,1.6667,1.0171,38.98,5.0,3.05,38.98
CJ4040090468,intermittent,croston,是,20,1.6667,1.0171,38.98,5.0,3.05,38.98
CJ4040190311,sparse,median_5,否,13,0.5556,0.0,100.0,1.0,0.0,100.0
CJ4040190377,intermittent,optimized_ses,否,13,0.3571,0.0529,85.19,1.0,0.15,85.19
CJ4040200656,trending,ma_5,否,13,0.0,0.0,0.0,0.0,0.0,0.0
CJ4040500080,intermittent,median_5,否,23,0.279,0.0,100.0,1300.0,0.0,100.0
CJ4040500162,seasonal,median_5,否,13,1.1964,0.0,100.0,5300.0,0.0,100.0
CJ4040500163,intermittent,median_5,否,13,0.5163,0.1359,73.68,1900.0,500.0,73.68
CJ4040500178,seasonal,ma_5,否,13,0.0,0.0,0.0,0.0,0.0,0.0
CJ4040500180,intermittent,theta,是,14,0.4545,0.0722,84.11,150.0,23.84,84.11
CJ4040500205,seasonal,theta,是,14,0.1465,0.115,21.49,400.0,314.05,21.49
CJ4040560322,trending,ma_3,否,22,1.3793,0.0,100.0,8.0,0.0,100.0
CJ4040560323,trending,ma_3,否,22,0.6061,0.303,50.0,2.0,1.0,50.0
CJ4040880026,trending,seasonal_naive,否,15,1.7273,1.0909,36.84,19.0,12.0,36.84
CJ4040880027,seasonal,optimized_ses,否,19,0.5682,0.2462,56.67,10.0,4.33,56.67
CJ4040880028,trending,seasonal_naive,否,15,1.7273,1.0909,36.84,19.0,12.0,36.84
CJ4141010124,intermittent,median_5,否,17,0.8219,0.0,100.0,600.0,0.0,100.0
CJ4141010125,sparse,median_5,否,26,1.375,0.0,100.0,1100.0,0.0,100.0
CJ4141010126,sparse,median_5,否,26,1.3945,0.0,100.0,1100.0,0.0,100.0
CJ4141070101,intermittent,weighted_ma_5,是,20,0.019,0.0063,66.67,2.0,0.67,66.67
CJ4141100494,seasonal,seasonal_naive,否,25,1.5702,0.0826,94.74,19.0,1.0,94.74
CJ4141100498,intermittent,median_5,否,26,0.0,0.0,0.0,0.0,0.0,0.0
CJ4141100502,intermittent,median_5,否,13,0.4785,0.0,100.0,10.0,0.0,100.0
CJ4141110017,intermittent,winsorized,是,20,0.1639,0.041,75.0,2.0,0.5,75.0
CJ4141120416,seasonal,theta,是,14,0.0,0.0,0.0,0.0,0.0,0.0
CJ4141150756,intermittent,sba,否,14,2.6596,0.0684,97.43,100.0,2.57,97.43
CJ4141150757,intermittent,sba,否,13,1.6327,0.1106,93.23,80.0,5.42,93.23
CJ4141150758,intermittent,adida,是,14,3.2331,0.4737,85.35,172.0,25.2,85.35
CJ4141150833,intermittent,winsorized,是,22,0.2257,0.019,91.59,58.0,4.88,91.59
CJ4141150840,intermittent,adida,是,13,0.7276,0.1156,84.12,133.0,21.12,84.12
CJ4141150866,sparse,croston,是,15,1.5217,0.1717,88.72,7.0,0.79,88.72
CJ4141150881,intermittent,adida,是,17,2.8495,0.7379,74.1,53.0,13.73,74.1
CJ4141150905,trending,damped_trend,是,26,0.4348,0.0432,90.07,3.0,0.3,90.07
CJ4141150910,intermittent,weighted_ma_5,是,18,0.7143,0.1786,75.0,4.0,1.0,75.0
CJ4141150911,seasonal,optimized_hw,是,26,1.0638,0.0479,95.5,5.0,0.23,95.5
CJ4141150914,intermittent,ma_5,否,13,0.0,0.0,0.0,0.0,0.0,0.0
CJ4141150920,lumpy,winsorized,是,26,0.0,0.0,0.0,0.0,0.0,0.0
CJ4141150948,intermittent,adida,是,13,2.5094,0.4588,81.72,200.0,36.56,81.72
CJ4141150986,intermittent,median_5,否,20,1.7361,0.0,100.0,50.0,0.0,100.0
CJ4141150988,seasonal,ma_3,否,23,1.4516,0.2688,81.48,9.0,1.67,81.48
CJ4141150992,intermittent,theta,是,13,0.4839,0.1251,74.14,3.0,0.78,74.14
CJ4141150995,sparse,median_5,否,13,3.4375,0.0,100.0,22.0,0.0,100.0
CJ4141150997,intermittent,median_5,否,18,0.0,0.0,0.0,0.0,0.0,0.0
CJ4141151001,intermittent,median_5,否,13,1.8657,0.0,100.0,50.0,0.0,100.0
CJ4141151004,seasonal,median_5,否,13,0.0,0.0,0.0,0.0,0.0,0.0
CJ4141151007,intermittent,weighted_ma_5,是,13,0.6098,0.4065,33.33,10.0,6.67,33.33
CJ4141151008,intermittent,optimized_ses,否,20,0.9091,0.0465,94.89,12.0,0.61,94.89
CJ4141151013,seasonal,theta,是,21,0.0926,0.0361,61.05,1.0,0.39,61.05
CJ4141151026,lumpy,adida,是,18,1.6176,0.2353,85.45,11.0,1.6,85.45
CJ4141151028,intermittent,theta,是,13,2.5,2.0475,18.1,4.0,3.28,18.1
CJ4141151029,lumpy,interval_based,否,13,2.4074,0.4733,80.34,26.0,5.11,80.34
CJ4141200252,intermittent,weighted_ma_5,是,18,0.2174,0.0725,66.67,10.0,3.33,66.67
CJ4141230015,intermittent,theta,是,14,0.3774,0.0675,82.12,40.0,7.15,82.12
CJ4141240143,seasonal,holt_winters,否,16,0.4563,0.2366,48.14,12.0,6.22,48.14
CJ4141240147,lumpy,winsorized,是,13,0.0,0.0,0.0,0.0,0.0,0.0
CJ4141240148,seasonal,holt_winters,否,24,0.0,0.0,0.0,0.0,0.0,0.0
CJ4141240149,lumpy,croston,是,13,0.4545,0.0543,88.06,20.0,2.39,88.06
CJ4141240173,intermittent,theta,是,23,0.9363,0.3332,64.42,150.0,53.38,64.42
CJ4141240179,intermittent,median_5,否,24,1.0784,0.098,90.91,55.0,5.0,90.91
CJ4141240183,trending,theta,是,26,0.8333,0.5685,31.78,3.0,2.05,31.78
CJ4141240199,seasonal,seasonal_naive,否,14,0.3687,0.0922,75.0,8.0,2.0,75.0
CJ4141240205,intermittent,interval_based,否,13,0.9444,0.1852,80.39,17.0,3.33,80.39
CJ4141240210,intermittent,median_5,否,23,0.0,0.0,0.0,0.0,0.0,0.0
CJ4141240228,intermittent,naive_drift,是,13,0.8993,0.1151,87.2,25.0,3.2,87.2
CJ4141240229,intermittent,median_5,否,13,0.0,0.0,0.0,0.0,0.0,0.0
CJ4141240232,intermittent,median_5,否,26,0.3521,0.0,100.0,5.0,0.0,100.0
CJ4141240233,intermittent,winsorized,是,22,0.0,0.0,0.0,0.0,0.0,0.0
CJ4141240237,intermittent,naive_drift,是,13,2.4569,0.0,100.0,57.0,0.0,100.0
CJ4141240239,seasonal,ma_3,否,15,0.6897,0.0958,86.11,12.0,1.67,86.11
CJ4141240241,seasonal,weighted_ma_5,是,25,1.1864,0.0565,95.24,14.0,0.67,95.24
CJ4141240244,intermittent,adida,是,24,1.5023,0.7917,47.3,32.0,16.86,47.3
CJ4141240246,intermittent,winsorized,是,20,0.3571,0.2232,37.5,1.0,0.62,37.5
CJ4141240248,seasonal,seasonal_naive,否,13,1.383,0.4787,65.38,26.0,9.0,65.38
CJ4141240250,seasonal,seasonal_naive,否,13,3.5443,1.2658,64.29,112.0,40.0,64.29
CJ4141240252,intermittent,theta,是,18,0.9009,0.2348,73.94,20.0,5.21,73.94
CJ4141240256,lumpy,adida,是,13,2.8502,0.8599,69.83,59.0,17.8,69.83
CJ4141240257,trending,damped_trend,是,25,0.9794,0.404,58.75,19.0,7.84,58.75
CJ4141240259,intermittent,median_5,否,14,0.1639,0.1639,0.0,1.0,1.0,0.0
CJ4141240260,intermittent,median_5,否,25,0.0,0.0,0.0,0.0,0.0,0.0
CJ4141240261,intermittent,adida,是,13,2.459,0.7172,70.83,30.0,8.75,70.83
CJ4141240262,intermittent,median_5,否,13,0.9804,0.0,100.0,20.0,0.0,100.0
CJ4141240264,stable,naive_drift,是,17,1.3647,0.038,97.21,61.0,1.7,97.21
CJ4141240265,seasonal,theta,是,25,0.1493,0.0018,98.81,1.0,0.01,98.81
CJ4141240266,trending,optimized_ses,否,16,0.7143,0.4315,39.59,2.0,1.21,39.59
CJ4141240268,intermittent,median_5,否,13,0.0,0.0,0.0,0.0,0.0,0.0
CJ4141240271,seasonal,weighted_ma_5,是,13,0.5422,0.2008,62.96,9.0,3.33,62.96
CJ4141240272,intermittent,ma_5,否,15,0.0,0.0,0.0,0.0,0.0,0.0
CJ4141240273,seasonal,median_5,否,26,1.25,0.0,100.0,3.0,0.0,100.0
CJ4141240278,intermittent,ma_3,否,13,0.8333,0.2778,66.67,2.0,0.67,66.67
CJ4141240279,intermittent,winsorized,是,21,0.4,0.0375,90.62,2.0,0.19,90.62
CJ4141240282,sparse,interval_based,否,26,1.7241,0.1628,90.56,5.0,0.47,90.56
CJ4141240289,intermittent,median_5,否,25,0.0,0.0,0.0,0.0,0.0,0.0
CJ4141240293,intermittent,median_5,否,13,2.5806,1.2903,50.0,8.0,4.0,50.0
CJ4141260079,intermittent,theta,是,24,0.4,0.0803,79.92,20.0,4.02,79.92
CJ4141260084,intermittent,median_5,否,13,0.6061,0.0,100.0,20.0,0.0,100.0
CJ4141260098,intermittent,adida,是,13,0.5455,0.2255,58.66,12.0,4.96,58.66
CJ4141360735,intermittent,median_5,否,13,0.0,0.0,0.0,0.0,0.0,0.0
CJ4141410133,lumpy,ma_5,否,23,0.0,0.0,0.0,0.0,0.0,0.0
CJ4141410136,intermittent,median_5,否,24,0.4524,0.0,100.0,39.0,0.0,100.0
CJ4141410137,intermittent,median_5,否,24,0.5556,0.393,29.27,41.0,29.0,29.27
CJ4141410172,intermittent,tsb_opt,否,25,0.0848,0.0129,84.77,22.0,3.35,84.77
CJ4141410173,intermittent,winsorized,是,25,0.3538,0.0197,94.44,90.0,5.0,94.44
CJ4141410210,seasonal,seasonal_naive,否,18,0.7071,0.202,71.43,70.0,20.0,71.43
CJ4141410211,seasonal,theta,是,16,0.2899,0.0687,76.29,20.0,4.74,76.29
CJ4141640173,intermittent,interval_based,否,13,0.4082,0.1952,52.17,30.0,14.35,52.17
CJ4141670290,intermittent,median_5,否,17,0.3401,0.0,100.0,10.0,0.0,100.0
CJ4141670383,trending,ma_3,否,20,0.3904,0.194,50.29,399.0,198.33,50.29
CJ4141670399,seasonal,optimized_des,否,26,0.0,0.0,0.0,0.0,0.0,0.0
CJ4141670447,intermittent,median_5,否,13,0.0,0.0,0.0,0.0,0.0,0.0
CJ4141670498,lumpy,adida,是,15,0.8537,0.0855,89.98,230.0,23.04,89.98
CJ4141670499,lumpy,weighted_ma_5,是,15,0.669,0.0235,96.49,380.0,13.33,96.49
CJ4141670606,seasonal,holt_winters,否,13,0.0,0.0,0.0,0.0,0.0,0.0
CJ4141670665,stable,optimized_des,否,13,0.6,0.1128,81.19,6.0,1.13,81.19
CJ4141670668,lumpy,naive_drift,是,13,0.412,0.0712,82.73,110.0,19.0,82.73
CJ4141670717,stable,optimized_ses,否,17,0.5361,0.0767,85.68,300.0,42.95,85.68
CJ4141670719,intermittent,ma_5,否,13,0.0,0.0,0.0,0.0,0.0,0.0
CJ4141670727,intermittent,croston,是,13,1.1111,0.4715,57.56,40.0,16.98,57.56
CJ4141670763,lumpy,median_5,否,18,1.9444,0.0,100.0,7.0,0.0,100.0
CJ4141670784,lumpy,ma_5,否,13,0.0,0.0,0.0,0.0,0.0,0.0
CJ4141670785,intermittent,ma_3,否,26,0.3597,0.1199,66.67,10.0,3.33,66.67
CJ4141670796,intermittent,interval_based,否,16,0.9524,0.0816,91.43,2.0,0.17,91.43
CJ4141670805,stable,ma_7,否,26,0.9353,0.0037,99.61,217.0,0.86,99.61
CJ4141670828,stable,ma_5,否,13,0.0383,0.0383,0.0,9.0,9.0,0.0
CJ4141670833,sparse,weighted_ma_5,是,23,0.2439,0.0,100.0,10.0,0.0,100.0
CJ4141670837,intermittent,adida,是,18,1.5096,0.2188,85.5,149.0,21.6,85.5
CJ4141670850,intermittent,median_5,否,13,0.3077,0.2051,33.33,12.0,8.0,33.33
CJ4141670852,intermittent,optimized_ses,否,13,0.3488,0.0245,92.97,60.0,4.22,92.97
CJ4141670853,intermittent,adida,是,13,0.3365,0.044,86.92,120.0,15.7,86.92
CJ4141670864,intermittent,interval_based,否,13,1.2295,0.9098,26.0,45.0,33.3,26.0
CJ4141670865,intermittent,tsb_opt,否,13,0.25,0.0559,77.62,1.0,0.22,77.62
CJ4141670866,intermittent,naive_drift,是,26,0.6019,0.0,100.0,13.0,0.0,100.0
CJ4141670873,seasonal,optimized_ses,否,18,2.2222,0.185,91.68,12.0,1.0,91.68
CJ4141670879,intermittent,theta,是,19,0.7143,0.1157,83.8,3.0,0.49,83.8
CJ4141670881,stable,damped_trend,是,13,1.2066,0.6618,45.15,160.0,87.76,45.15
CJ4141670883,seasonal,optimized_ses,否,14,0.2703,0.0283,89.54,10.0,1.05,89.54
CJ4141670892,intermittent,optimized_ses,否,16,0.1818,0.0097,94.65,1.0,0.05,94.65
CJ4141670916,intermittent,theta,是,26,0.2381,0.1488,37.5,10.0,6.25,37.5
CJ4141670917,intermittent,median_5,否,13,0.3518,0.1508,57.14,7.0,3.0,57.14
CJ4141670918,sparse,median_5,否,13,0.0,0.0,0.0,0.0,0.0,0.0
CJ4141670930,seasonal,theta,是,13,0.4,0.0,100.0,2.0,0.0,100.0
CJ4141670931,trending,optimized_des,否,20,0.8639,0.1764,79.58,990.0,202.14,79.58
CJ4141670932,intermittent,median_5,否,13,0.8333,0.0,100.0,3.0,0.0,100.0
CJ4141670934,intermittent,adida,是,18,2.6199,0.1458,94.44,142.0,7.9,94.44
CJ4141670941,seasonal,holt_winters,否,18,0.3155,0.1816,42.45,46.0,26.47,42.45
CJ4141670944,intermittent,sba,否,16,0.2193,0.0317,85.53,10.0,1.45,85.53
CJ4141670946,seasonal,ma_3,否,26,0.1619,0.1079,33.33,60.0,40.0,33.33
CJ4141670952,intermittent,median_5,否,22,1.1111,0.0,100.0,6.0,0.0,100.0
CJ4141670958,intermittent,median_5,否,26,0.5128,0.0,100.0,2.0,0.0,100.0
CJ4141670962,intermittent,median_5,否,13,0.4839,0.0,100.0,6.0,0.0,100.0
CJ4141670965,intermittent,median_5,否,13,0.0,0.0,0.0,0.0,0.0,0.0
CJ4141670988,trending,optimized_des,否,13,0.0,0.0,0.0,0.0,0.0,0.0
CJ4141670989,intermittent,median_5,否,13,0.0,0.0,0.0,0.0,0.0,0.0
CJ4141671001,intermittent,median_5,否,13,1.773,0.0,100.0,50.0,0.0,100.0
CJ4141671002,trending,optimized_des,否,13,0.1961,0.0346,82.36,1.0,0.18,82.36
CJ4141671012,seasonal,optimized_hw,是,13,0.0,0.0,0.0,0.0,0.0,0.0
CJ4141671013,intermittent,median_5,否,16,0.2,0.0,100.0,1.0,0.0,100.0
CJ4141671014,intermittent,weighted_ma_5,是,13,0.3931,0.0,100.0,100.0,0.0,100.0
CJ4141671021,intermittent,interval_based,否,14,0.3425,0.0228,93.33,10.0,0.67,93.33
CJ4141671022,intermittent,optimized_ses,否,14,0.3356,0.0425,87.33,10.0,1.27,87.33
CJ4141671025,intermittent,adida,是,13,0.6742,0.141,79.08,30.0,6.27,79.08
CJ4141671047,sparse,interval_based,否,13,2.6738,0.6671,75.05,100.0,24.95,75.05
CJ4141671049,sparse,interval_based,否,13,5.5556,4.3704,21.33,10.0,7.87,21.33
CJ4141671056,intermittent,median_5,否,25,0.3704,0.0,100.0,2.0,0.0,100.0
CJ4141671072,intermittent,naive_drift,是,16,2.5,0.0,100.0,9.0,0.0,100.0
CJ4141760055,intermittent,ma_5,否,13,0.0,0.0,0.0,0.0,0.0,0.0
CJ4141760096,stable,seasonal_naive,否,14,1.25,0.0,100.0,200.0,0.0,100.0
CJ4141760097,seasonal,ma_5,否,14,0.0,0.0,0.0,0.0,0.0,0.0
CJ4141760098,seasonal,optimized_hw,是,17,0.8824,0.0394,95.54,3.0,0.13,95.54
CJ4141760101,intermittent,interval_based,否,22,0.5556,0.1882,66.12,40.0,13.55,66.12
CJ4141760135,intermittent,interval_based,否,13,1.9557,0.0978,95.0,600.0,29.99,95.0
CJ4141760136,intermittent,interval_based,否,13,1.3889,0.1263,90.9,5.0,0.45,90.9
CJ4141820036,seasonal,ma_3,否,14,0.542,0.0369,93.2,49.0,3.33,93.2
CJ4141820055,intermittent,median_5,否,14,0.4046,0.289,28.57,7.0,5.0,28.57
CJ4142110047,intermittent,optimized_ses,否,13,0.2381,0.0566,76.22,4.0,0.95,76.22
CJ4142110054,intermittent,naive_drift,是,18,1.9091,0.1818,90.48,42.0,4.0,90.48
CJ4142430082,seasonal,median_5,否,13,0.2941,0.0267,90.91,11.0,1.0,90.91
CJ4142430104,intermittent,tsb_opt,否,13,0.3338,0.0321,90.38,25.0,2.4,90.38
CJ4142430113,stable,interval_based,否,22,0.0129,0.0011,91.18,2.0,0.18,91.18
CJ4142430127,seasonal,theta,是,19,0.0,0.0,0.0,0.0,0.0,0.0
CJ4142430154,lumpy,ma_5,否,13,0.1002,0.1002,0.0,6.0,6.0,0.0
CJ4142430200,intermittent,naive_drift,是,13,2.0,0.8667,56.67,30.0,13.0,56.67
CJ4142430230,seasonal,ma_5,否,13,0.536,0.536,0.0,29.0,29.0,0.0
CJ4142430239,intermittent,croston,是,13,1.3755,0.0591,95.7,37.0,1.59,95.7
CJ4142470022,trending,naive_drift,是,19,0.0,0.0,0.0,0.0,0.0,0.0
CJ4142470023,intermittent,ma_5,否,16,0.1768,0.1768,0.0,14.0,14.0,0.0
CJ4142470039,seasonal,theta,是,13,0.916,0.0283,96.91,24.0,0.74,96.91
CJ5010060070,intermittent,median_5,否,13,0.0,0.0,0.0,0.0,0.0,0.0
CJ5050000719,intermittent,theta,是,18,0.1784,0.0026,98.52,18.0,0.27,98.52
CJ5050000735,intermittent,croston,是,13,0.7955,0.1255,84.23,35.0,5.52,84.23
CJ5050000765,intermittent,ma_5,否,18,0.0131,0.0131,0.0,1.0,1.0,0.0
CJ5050000784,intermittent,ma_3,否,26,0.7725,0.0858,88.89,54.0,6.0,88.89
CJ5050000794,seasonal,ma_5,否,18,0.0704,0.0704,0.0,2.0,2.0,0.0
CJ5050000802,trending,optimized_hw,是,13,0.8696,0.5527,36.44,12.0,7.63,36.44
CJ5050000869,sparse,median_5,否,13,0.2128,0.0,100.0,1.0,0.0,100.0
CJ5050000871,seasonal,weighted_ma_5,是,13,0.1818,0.0606,66.67,1.0,0.33,66.67
CJ5050000881,trending,naive_drift,是,13,0.0,0.0,0.0,0.0,0.0,0.0
CJ5050000889,seasonal,theta,是,13,0.6912,0.0933,86.51,15.0,2.02,86.51
CJ5050000897,intermittent,median_5,否,26,0.7055,0.5828,17.39,23.0,19.0,17.39
CJ5050000919,intermittent,croston,是,13,1.25,0.0466,96.27,11.0,0.41,96.27
CJ5050000999,seasonal,median_5,否,26,0.0938,0.0104,88.89,9.0,1.0,88.89
CJ5050001005,lumpy,median_5,否,16,0.2542,0.0,100.0,6.0,0.0,100.0
CJ5050001013,seasonal,ma_3,否,14,1.25,0.3571,71.43,7.0,2.0,71.43
CJ5050001018,seasonal,seasonal_naive,否,13,7.6596,2.234,70.83,72.0,21.0,70.83
CJ5050001043,erratic,adida,是,21,0.2787,0.1387,50.25,8.0,3.98,50.25
CJ5050001055,stable,seasonal_naive,否,13,0.8766,0.3247,62.96,27.0,10.0,62.96
CJ5050001071,erratic,theta,是,13,1.1935,0.394,66.99,206.0,68.0,66.99
CJ5050001091,seasonal,holt_winters,否,14,0.0,0.0,0.0,0.0,0.0,0.0
CJ5050001112,lumpy,ma_5,否,13,0.1712,0.1712,0.0,5.0,5.0,0.0
CJ5050001123,seasonal,ma_3,否,14,0.7729,0.0081,98.96,32.0,0.33,98.96
CJ5050001156,sparse,ma_5,否,26,0.0,0.0,0.0,0.0,0.0,0.0
CJ5050001157,seasonal,optimized_ses,否,26,0.1106,0.0002,99.8,15.0,0.03,99.8
CJ5050001158,intermittent,ma_5,否,26,0.0,0.0,0.0,0.0,0.0,0.0
CJ5050001159,sparse,ma_3,否,13,0.1,0.0333,66.67,5.0,1.67,66.67
CJ5050001171,lumpy,theta,是,18,0.4202,0.148,64.76,20.0,7.05,64.76
CJ5050001191,intermittent,winsorized,是,13,9.2157,7.3407,20.35,47.0,37.44,20.35
CJ5050001237,seasonal,median_5,否,26,0.1897,0.087,54.17,24.0,11.0,54.17
CJ5050001263,intermittent,interval_based,否,13,1.5854,0.2439,84.62,13.0,2.0,84.62
CJ5050001266,trending,seasonal_naive,否,13,8.1481,2.2222,72.73,22.0,6.0,72.73
CJ5050001352,sparse,median_5,否,13,0.0,0.0,0.0,0.0,0.0,0.0
CJ5050001429,seasonal,holt_winters,否,13,1.2565,0.2497,80.13,24.0,4.77,80.13
CJ5050120413,lumpy,median_5,否,13,2.5,0.625,75.0,12.0,3.0,75.0
CJ5050120525,trending,ma_3,否,13,3.2143,1.1905,62.96,9.0,3.33,62.96
CJ5050120552,lumpy,adida,是,13,1.5981,0.0057,99.64,132.0,0.47,99.64
CJ5050240118,intermittent,weighted_ma_5,是,13,0.431,0.0862,80.0,5.0,1.0,80.0
CJ5050240119,intermittent,winsorized,是,22,0.9615,0.4087,57.5,5.0,2.12,57.5
CJ5050240126,intermittent,median_5,否,18,1.0714,0.0,100.0,3.0,0.0,100.0
CJ5050270140,intermittent,adida,是,14,0.7143,0.2143,70.0,2.0,0.6,70.0
CJ6060010115,intermittent,weighted_ma_5,是,26,0.1237,0.0383,69.05,2800.0,866.67,69.05
CJ6060020037,intermittent,median_5,否,13,0.0,0.0,0.0,0.0,0.0,0.0
CJ6060030155,seasonal,optimized_ses,否,13,0.2222,0.0353,84.09,100.0,15.91,84.09
CJ6060060164,intermittent,winsorized,是,22,0.1825,0.0342,81.25,50.0,9.38,81.25
CJ6060060674,seasonal,theta,是,14,0.1048,0.0597,43.03,10.0,5.7,43.03
CJ6060060675,intermittent,ma_3,否,26,0.1825,0.0912,50.0,20.0,10.0,50.0
CJ6060060676,intermittent,ma_3,否,25,0.1996,0.0998,50.0,20.0,10.0,50.0
CJ6060060677,intermittent,ma_3,否,22,0.3628,0.0473,86.96,23.0,3.0,86.96
CJ6060060678,intermittent,ma_3,否,13,0.2812,0.0228,91.89,37.0,3.0,91.89
CJ6060060679,intermittent,ma_5,否,13,0.0,0.0,0.0,0.0,0.0,0.0
CJ6060060680,intermittent,ma_5,否,13,0.0,0.0,0.0,0.0,0.0,0.0
CJ6060080689,intermittent,adida,是,25,0.5455,0.0795,85.42,150.0,21.88,85.42
CJ6060080880,intermittent,sba,否,22,0.7409,0.4346,41.34,800.0,469.25,41.34
CJ6060080935,intermittent,sba,否,25,0.8642,0.1871,78.35,700.0,151.53,78.35
CJ6060080976,seasonal,ma_3,否,16,0.1537,0.0299,80.56,2400.0,466.67,80.56
CJ6060080977,stable,damped_trend,是,13,0.463,0.0877,81.05,400.0,75.8,81.05
CJ6060080982,seasonal,optimized_des,否,13,0.8434,0.1711,79.72,350.0,70.99,79.72
CJ6060081006,intermittent,sba,否,13,0.4778,0.2831,40.75,550.0,325.89,40.75
CJ6060081009,intermittent,adida,是,13,0.3067,0.009,97.06,100.0,2.94,97.06
CJ6060081497,sparse,median_5,否,13,0.0,0.0,0.0,0.0,0.0,0.0
CJ6060081498,seasonal,optimized_des,否,25,0.7143,0.0,100.0,2.0,0.0,100.0
CJ6060081675,trending,seasonal_naive,否,26,0.3073,0.0946,69.23,13.0,4.0,69.23
CJ6060081682,seasonal,median_5,否,20,0.2076,0.1038,50.0,6.0,3.0,50.0
CJ6060081683,erratic,adida,是,22,0.3883,0.0316,91.88,16.0,1.3,91.88
CJ6060081704,stable,ma_3,否,26,0.1099,0.0916,16.67,2.0,1.67,16.67
CJ6060081707,seasonal,optimized_hw,是,25,0.303,0.0528,82.57,7.0,1.22,82.57
CJ6060081758,intermittent,naive_drift,是,13,0.8333,0.0833,90.0,60.0,6.0,90.0
CJ6060081771,intermittent,ma_5,否,26,0.0,0.0,0.0,0.0,0.0,0.0
CJ6060081789,intermittent,median_5,否,21,0.0,0.0,0.0,0.0,0.0,0.0
CJ6060081881,seasonal,median_5,否,13,0.2174,0.2174,0.0,1.0,1.0,0.0
CJ6060081955,stable,interval_based,否,13,0.3295,0.3229,2.0,20.0,19.6,2.0
CJ6060081961,stable,interval_based,否,13,0.3373,0.3305,2.0,20.0,19.6,2.0
CJ6060081972,seasonal,seasonal_naive,否,13,0.0,0.0,0.0,0.0,0.0,0.0
CJ6060082032,stable,ma_3,否,25,1.1039,0.0,100.0,17.0,0.0,100.0
CJ6060082040,intermittent,ma_3,否,14,0.2985,0.0,100.0,20.0,0.0,100.0
CJ6060082042,stable,interval_based,否,25,0.3191,0.1335,58.17,12.0,5.02,58.17
CJ6060082043,intermittent,tsb_opt,否,20,0.2611,0.1893,27.5,170.0,123.24,27.5
CJ6060082044,intermittent,tsb_opt,否,20,0.2477,0.1857,25.03,160.0,119.96,25.03
CJ6060082054,lumpy,median_5,否,25,0.4211,0.1053,75.0,8.0,2.0,75.0
CJ6060082055,seasonal,theta,是,16,0.5405,0.4459,17.51,4.0,3.3,17.51
CJ6060082056,intermittent,ma_5,否,14,0.0,0.0,0.0,0.0,0.0,0.0
CJ6060082061,erratic,median_5,否,20,0.4712,0.2094,55.56,9.0,4.0,55.56
CJ6060082062,erratic,adida,是,16,1.1932,0.1932,83.81,21.0,3.4,83.81
CJ6060082063,intermittent,croston,是,13,0.6,0.2213,63.11,3.0,1.11,63.11
CJ6060082075,erratic,naive_drift,是,25,0.6087,0.2232,63.33,21.0,7.7,63.33
CJ6060100020,intermittent,median_5,否,25,0.2838,0.0,100.0,130.0,0.0,100.0
CJ6060230004,intermittent,sba,否,13,0.7692,0.1393,81.89,1500.0,271.64,81.89
CJ6060230006,lumpy,interval_based,否,23,0.7805,0.0675,91.35,3200.0,276.92,91.35
CJ6060230009,seasonal,optimized_hw,是,18,0.4191,0.3151,24.81,8000.0,6014.99,24.81
CJ6060240002,sparse,median_5,否,15,0.2273,0.0,100.0,100.0,0.0,100.0
CJ6060240040,intermittent,median_5,否,13,0.5357,0.1786,66.67,600.0,200.0,66.67
CJ6060260168,lumpy,croston,是,26,0.0891,0.0512,42.46,7.0,4.03,42.46
CJ6060260176,intermittent,tsb_opt,否,19,0.2913,0.0212,92.73,30.0,2.18,92.73
CJ6060260183,seasonal,ma_3,否,17,0.8352,0.1856,77.78,300.0,66.67,77.78
CJ6060260206,intermittent,weighted_ma_5,是,13,2.2353,1.3725,38.6,19.0,11.67,38.6
CJ6060260312,stable,holt_winters,否,17,0.3638,0.1503,58.69,2000.0,826.2,58.69
CJ6060280006,intermittent,ma_3,否,24,0.3067,0.2045,33.33,200.0,133.33,33.33
CJ6060390028,sparse,ma_5,否,23,0.0,0.0,0.0,0.0,0.0,0.0
CJ6060390055,trending,optimized_hw,是,13,0.6716,0.1995,70.3,45.0,13.36,70.3
CJ7070050070,seasonal,optimized_hw,是,16,0.7725,0.0198,97.44,275.0,7.04,97.44
CJ7070380003,intermittent,ma_3,否,22,0.8511,0.4255,50.0,40.0,20.0,50.0
CJ7070480391,stable,optimized_ses,否,18,0.2839,0.1985,30.07,18.0,12.59,30.07
CJ7070480392,stable,ma_5,否,18,0.2691,0.2691,0.0,18.0,18.0,0.0
CJ7070480397,seasonal,theta,是,13,0.5556,0.0421,92.42,150.0,11.38,92.42
CJ7070480398,seasonal,theta,是,13,0.5556,0.0421,92.42,150.0,11.38,92.42
CJ7070480399,intermittent,weighted_ma_5,是,16,0.3846,0.1282,66.67,100.0,33.33,66.67
CJ7070480400,seasonal,theta,是,16,0.2174,0.0304,86.0,50.0,7.0,86.0
CJ7070480402,intermittent,ma_5,否,17,0.0,0.0,0.0,0.0,0.0,0.0
CJ7070480403,intermittent,adida,是,16,0.2083,0.026,87.5,50.0,6.25,87.5
CJ7070480404,intermittent,sba,否,16,1.3889,0.0635,95.43,250.0,11.43,95.43
CJ7070480405,intermittent,winsorized,是,17,0.3086,0.0772,75.0,50.0,12.5,75.0
CJ7070480409,intermittent,winsorized,是,16,1.3889,0.0,100.0,250.0,0.0,100.0
CJ7070540079,sparse,median_5,否,13,0.4167,0.0,100.0,2.0,0.0,100.0
CJ7070540101,sparse,median_5,否,13,0.0,0.0,0.0,0.0,0.0,0.0
CJ7070540108,trending,weighted_ma_5,是,13,0.5556,0.0,100.0,1.0,0.0,100.0
CJ7070540109,trending,weighted_ma_5,是,13,0.5556,0.0,100.0,1.0,0.0,100.0
CJ7070540114,intermittent,ma_5,否,13,0.0,0.0,0.0,0.0,0.0,0.0
CJ7070540115,intermittent,ma_5,否,13,0.0,0.0,0.0,0.0,0.0,0.0
CJ7070540186,intermittent,sba,否,25,0.2126,0.0005,99.76,90.0,0.22,99.76
CJ7070540187,intermittent,adida,是,16,2.9114,0.033,98.87,460.0,5.21,98.87
CJ7070540188,intermittent,adida,是,16,2.9114,0.033,98.87,460.0,5.21,98.87
CJ7070540189,stable,seasonal_naive,否,19,2.0193,1.0741,46.81,376.0,200.0,46.81
CJ7070540200,intermittent,median_5,否,26,0.3125,0.0,100.0,4.0,0.0,100.0
CJ7070540201,intermittent,median_5,否,26,0.3125,0.0,100.0,4.0,0.0,100.0
CJ7070540233,seasonal,optimized_hw,是,13,0.5,0.1153,76.93,1.0,0.23,76.93
CJ7070540234,seasonal,optimized_hw,是,13,0.5,0.1153,76.93,1.0,0.23,76.93
CJ7070540235,stable,seasonal_naive,否,26,0.5737,0.3069,46.5,200.0,107.0,46.5
CJ7070540236,stable,seasonal_naive,否,26,0.5839,0.3062,47.55,204.0,107.0,47.55
CJ7070540237,stable,seasonal_naive,否,26,0.5447,0.1552,71.5,200.0,57.0,71.5
CJ7070540245,intermittent,ma_3,否,13,0.045,0.015,66.67,20.0,6.67,66.67
CJ7070540253,intermittent,interval_based,否,25,1.0526,0.0859,91.84,4.0,0.33,91.84
CJ7070540254,intermittent,interval_based,否,25,1.0526,0.0859,91.84,4.0,0.33,91.84
CJ7070540257,stable,seasonal_naive,否,16,0.0893,0.0,100.0,1.0,0.0,100.0
CJ7070540271,intermittent,optimized_ses,否,25,2.0408,0.0519,97.46,10.0,0.25,97.46
CJ7070540272,intermittent,optimized_ses,否,25,2.0408,0.0519,97.46,10.0,0.25,97.46
CJ7070540280,intermittent,winsorized,是,13,0.3333,0.0254,92.39,46.0,3.5,92.39
CJ7070540283,seasonal,seasonal_naive,否,14,0.7937,0.1587,80.0,10.0,2.0,80.0
CJ7070540284,intermittent,optimized_ses,否,16,0.6897,0.0617,91.06,2.0,0.18,91.06
CJ7070540293,intermittent,ma_5,否,13,0.0,0.0,0.0,0.0,0.0,0.0
CJ7070540304,erratic,naive_drift,是,13,4.375,0.3125,92.86,28.0,2.0,92.86
CJ7070540305,erratic,naive_drift,是,13,4.375,0.3125,92.86,28.0,2.0,92.86
CJ7070540309,intermittent,median_5,否,13,1.25,0.0,100.0,2.0,0.0,100.0
CJ7070540310,intermittent,median_5,否,13,1.25,0.0,100.0,2.0,0.0,100.0
CJ7070540311,lumpy,median_5,否,13,0.0,0.0,0.0,0.0,0.0,0.0
CJ7070540340,erratic,sba,否,13,1.117,0.6194,44.55,42.0,23.29,44.55
CJ7070540341,erratic,adida,是,13,1.2651,0.6506,48.57,42.0,21.6,48.57
CJ7070540349,stable,naive_drift,是,13,1.7522,0.1114,93.64,140.0,8.9,93.64
CJ7070540350,stable,naive_drift,是,13,1.6222,0.1031,93.64,140.0,8.9,93.64
CJ7070540351,stable,naive_drift,是,13,1.8018,0.1145,93.64,140.0,8.9,93.64
CJ7070540354,seasonal,seasonal_naive,否,13,1.4323,0.3255,77.27,110.0,25.0,77.27
CJ7070540357,erratic,median_5,否,13,1.75,0.3125,82.14,56.0,10.0,82.14
CJ7070540358,erratic,median_5,否,13,1.75,0.3125,82.14,56.0,10.0,82.14
CJ7070540360,intermittent,median_5,否,13,0.0,0.0,0.0,0.0,0.0,0.0
CJ7070540361,intermittent,median_5,否,13,0.0,0.0,0.0,0.0,0.0,0.0
CJ7070540362,intermittent,theta,是,26,0.1299,0.0606,53.3,1.0,0.47,53.3
CJ7070540363,intermittent,theta,是,26,0.1299,0.0606,53.3,1.0,0.47,53.3
CJ7070540372,intermittent,optimized_ses,否,26,0.4762,0.0602,87.36,3.0,0.38,87.36
CJ7070540373,intermittent,croston,是,26,0.6349,0.0196,96.91,4.0,0.12,96.91
CJ7070540374,intermittent,median_5,否,26,0.1587,0.0,100.0,1.0,0.0,100.0
CJ7070540391,seasonal,optimized_hw,是,26,0.2564,0.1677,34.59,1.0,0.65,34.59
CJ7070540392,seasonal,optimized_hw,是,26,0.2564,0.1677,34.59,1.0,0.65,34.59
CJ7070540393,seasonal,ma_5,否,17,0.0,0.0,0.0,0.0,0.0,0.0
CJ7070540394,seasonal,ma_5,否,17,0.0,0.0,0.0,0.0,0.0,0.0
CJ7070540433,intermittent,median_5,否,26,0.8571,0.0,100.0,3.0,0.0,100.0
CJ7070540442,intermittent,winsorized,是,21,0.4929,0.0304,93.84,73.0,4.5,93.84
CJ7070540443,intermittent,winsorized,是,21,0.4929,0.0304,93.84,73.0,4.5,93.84
CJ7070540466,stable,theta,是,14,1.0345,0.222,78.54,300.0,64.39,78.54
CJ7070540467,stable,theta,是,14,1.046,0.2371,77.33,300.0,68.0,77.33
CJ7070540468,stable,naive_drift,是,13,1.6617,0.8493,48.89,900.0,460.0,48.89
CJ7070540469,lumpy,weighted_ma_5,是,13,0.3333,0.0,100.0,1.0,0.0,100.0
CJ7070540472,lumpy,weighted_ma_5,是,13,0.3333,0.0,100.0,1.0,0.0,100.0
CJ7070540496,stable,theta,是,14,3.1271,1.914,38.79,91.0,55.7,38.79
CJ7070540503,seasonal,seasonal_naive,否,13,2.8182,0.0,100.0,31.0,0.0,100.0
CJ7070540504,seasonal,seasonal_naive,否,13,2.8182,0.0,100.0,31.0,0.0,100.0
CJ7070540534,erratic,theta,是,13,0.7879,0.0607,92.3,52.0,4.0,92.3
CJ7070540563,lumpy,median_5,否,13,0.6716,0.0,100.0,9.0,0.0,100.0
CJ7070540572,seasonal,median_5,否,22,0.5882,0.2941,50.0,2.0,1.0,50.0
CJ7070540575,erratic,ma_3,否,13,5.3968,4.6561,13.73,34.0,29.33,13.73
CJ7070540576,erratic,ma_3,否,13,5.3968,4.6561,13.73,34.0,29.33,13.73
CJ7070540622,seasonal,damped_trend,是,13,0.7396,0.2304,68.85,50.0,15.57,68.85
CJ7070540623,seasonal,damped_trend,是,13,0.7396,0.0661,91.06,50.0,4.47,91.06
CJ7070540624,seasonal,optimized_ses,否,13,0.1736,0.0987,43.18,20.0,11.36,43.18
CJ8080021308,seasonal,theta,是,18,0.0,0.0,0.0,0.0,0.0,0.0
CJ8080430619,lumpy,median_5,否,13,0.4296,0.0,100.0,61.0,0.0,100.0
CJ9090050033,lumpy,theta,是,13,0.25,0.0924,63.04,1.0,0.37,63.04
CJ9090050095,intermittent,median_5,否,13,0.7692,0.0,100.0,4.0,0.0,100.0
CJ9090050125,seasonal,optimized_ses,否,21,0.3691,0.1175,68.18,66.0,21.0,68.18
