通用码,数据模式,V6方法,V6.1方法,V6_MASE,V6.1_MASE,V6总量误差,V6.1总量误差,优胜者
CF3300320001,sparse,croston,croston,0.0299,0.0299,0.96,0.96,V6
CF3300350593,trending,ma_3,ma_3,0.0,0.0,0.0,0.0,持平
CF3300350594,trending,ma_3,ma_3,0.0,0.0,0.0,0.0,持平
CF3300350595,trending,ma_3,ma_3,0.0,0.0,0.0,0.0,持平
CF3300350596,trending,ma_3,ma_3,0.0,0.0,0.0,0.0,持平
CJ1010002556,intermittent,median_5,median_5,0.0,0.0,0.0,0.0,持平
CJ1010003287,intermittent,adida,adida,0.0031,0.0031,0.39,0.39,V6.1
CJ1010003584,intermittent,optimized_ses,optimized_ses,0.0672,0.0672,3.64,3.64,V6
CJ1010003803,intermittent,weighted_ma_5,weighted_ma_5,0.0175,0.0175,0.33,0.33,V6
CJ1010003846,intermittent,winsorized,winsorized,0.0921,0.0921,3.19,3.19,V6
CJ1010003857,intermittent,ma_3,ma_3,0.0168,0.0168,0.67,0.67,V6
CJ1010003867,stable,optimized_hw,optimized_hw,0.0607,0.0607,10.38,10.38,V6.1
CJ1010003937,sparse,median_5,median_5,0.0,0.0,0.0,0.0,持平
CJ1010003958,intermittent,tsb_opt,tsb_opt,0.0288,0.0288,1.42,1.42,V6.1
CJ1010004051,intermittent,winsorized,winsorized,0.4473,0.4473,45.62,45.62,V6
CJ1010004074,seasonal,damped_trend,damped_trend,0.0423,0.0423,7.54,7.54,V6
CJ1010004086,sparse,median_5,median_5,0.0,0.0,0.0,0.0,持平
CJ1010004169,seasonal,seasonal_naive,seasonal_naive,0.0427,0.0427,4.0,4.0,V6.1
CJ1010004170,intermittent,median_5,median_5,0.0,0.0,0.0,0.0,持平
CJ1010004439,seasonal,seasonal_naive,seasonal_naive,0.0,0.0,0.0,0.0,持平
CJ1010004510,lumpy,tsb_opt,tsb_opt,0.16,0.16,27.52,27.52,V6.1
CJ1010004675,seasonal,ma_3,ma_3,0.0106,0.0106,5.0,5.0,V6.1
CJ1010004676,stable,ma_3,ma_3,0.0636,0.0636,25.0,25.0,V6.1
CJ1010004903,trending,ma_5,ma_5,0.0,0.0,0.0,0.0,持平
CJ1010004973,intermittent,sba,sba,0.235,0.235,2.82,2.82,V6
CJ1010004974,seasonal,theta,theta,0.0172,0.0172,3.37,3.37,V6
CJ1010005169,sparse,winsorized,winsorized,0.0136,0.0136,0.12,0.12,V6.1
CJ1010005251,seasonal,seasonal_naive,seasonal_naive,0.0,0.0,0.0,0.0,持平
CJ1010005351,lumpy,naive_drift,naive_drift,0.2033,0.2033,10.0,10.0,V6.1
CJ1010005371,sparse,adida,adida,0.1384,0.1384,3.96,3.96,V6
CJ1010005477,seasonal,seasonal_naive,seasonal_naive,0.0,0.0,0.0,0.0,持平
CJ1010005478,seasonal,damped_trend,damped_trend,0.0106,0.0106,5.53,5.53,V6.1
CJ1010005505,intermittent,ma_5,ma_5,0.0,0.0,0.0,0.0,持平
CJ1010005517,intermittent,ma_5,ma_5,0.0,0.0,0.0,0.0,持平
CJ1010005522,intermittent,median_5,median_5,0.0,0.0,0.0,0.0,持平
CJ1010005528,stable,optimized_hw,optimized_hw,0.4315,0.4315,144.46,144.46,V6.1
CJ1010005530,trending,holt_winters,holt_winters,0.009,0.009,0.78,0.78,V6
CJ1010005533,seasonal,naive_drift,naive_drift,0.0758,0.0758,7.0,7.0,V6.1
CJ1010005539,stable,damped_trend,damped_trend,0.0349,0.0349,8.07,8.07,V6
CJ1010005550,sparse,median_5,median_5,0.0,0.0,0.0,0.0,持平
CJ1010005576,intermittent,interval_based,interval_based,0.0216,0.0216,0.85,0.85,V6
CJ1010005588,stable,theta,theta,0.0105,0.0105,2.88,2.88,V6.1
CJ1010005594,seasonal,median_5,median_5,0.0,0.0,0.0,0.0,持平
CJ1010005601,trending,seasonal_naive,seasonal_naive,0.0297,0.0297,18.0,18.0,V6
CJ1010005611,lumpy,interval_based,interval_based,2.6931,2.6931,54.4,54.4,V6.1
CJ1010005632,sparse,croston,croston,0.1946,0.1946,11.25,11.25,V6.1
CJ1010005639,lumpy,winsorized,winsorized,0.0,0.0,0.0,0.0,持平
CJ1010005640,seasonal,seasonal_naive,seasonal_naive,0.0,0.0,0.0,0.0,持平
CJ1010005660,stable,optimized_des,optimized_des,0.0135,0.0135,2.09,2.09,V6
CJ1010005668,seasonal,holt_winters,holt_winters,0.0,0.0,0.0,0.0,持平
CJ1010005671,intermittent,interval_based,interval_based,0.001,0.001,0.02,0.02,V6
CJ1010005745,seasonal,optimized_des,optimized_des,0.0,0.0,0.0,0.0,持平
CJ1010005875,intermittent,median_5,median_5,0.0,0.0,0.0,0.0,持平
CJ1010005942,seasonal,optimized_des,optimized_des,0.0,0.0,0.0,0.0,持平
CJ1010006139,intermittent,interval_based,interval_based,0.1043,0.1043,2.79,2.79,V6.1
CJ1010006199,intermittent,ma_3,ma_3,0.3788,0.3788,16.67,16.67,V6.1
CJ1010006263,intermittent,median_5,median_5,0.0,0.0,0.0,0.0,持平
CJ1010006293,seasonal,ma_5,ma_5,0.0,0.0,0.0,0.0,持平
CJ1010006374,intermittent,weighted_ma_5,weighted_ma_5,0.1701,0.1701,8.33,8.33,V6.1
CJ1010006464,seasonal,seasonal_naive,seasonal_naive,1.3235,1.3235,9.0,9.0,V6
CJ1010006471,sparse,croston,croston,1.7218,1.7218,4.48,4.48,V6.1
CJ1010006502,trending,naive_drift,naive_drift,0.0,0.0,0.0,0.0,持平
CJ1010006503,intermittent,median_5,median_5,0.0,0.0,0.0,0.0,持平
CJ1010006593,intermittent,naive_drift,naive_drift,0.2143,0.2143,1.2,1.2,V6.1
CJ1010006627,intermittent,optimized_ses,optimized_ses,0.1342,0.1342,11.92,11.92,V6
CJ1010006631,intermittent,croston,croston,0.012,0.012,0.44,0.44,V6.1
CJ1010006642,seasonal,naive_drift,naive_drift,0.0769,0.0769,3.0,3.0,V6
CJ1010006645,seasonal,seasonal_naive,seasonal_naive,0.0,0.0,0.0,0.0,持平
CJ1010006741,stable,ma_3,ma_3,0.0471,0.0471,8.0,8.0,V6
CJ1010006743,stable,weighted_ma_5,weighted_ma_5,0.0104,0.0104,1.67,1.67,V6
CJ1010006751,intermittent,tsb_opt,tsb_opt,0.0063,0.0063,0.35,0.35,V6
CJ1010006896,seasonal,seasonal_naive,seasonal_naive,0.0954,0.0954,25.0,25.0,V6
CJ1010006909,sparse,median_5,median_5,0.0,0.0,0.0,0.0,持平
CJ1010006926,intermittent,interval_based,interval_based,0.0354,0.0354,1.7,1.7,V6.1
CJ1010006958,intermittent,winsorized,winsorized,0.0087,0.0087,0.31,0.31,V6.1
CJ1010007001,intermittent,median_5,median_5,0.202,0.202,4.0,4.0,V6
CJ1010007035,intermittent,adida,adida,0.0307,0.0307,1.4,1.4,V6
CJ1010007063,intermittent,median_5,median_5,0.0,0.0,0.0,0.0,持平
CJ1010007103,intermittent,median_5,median_5,0.0,0.0,0.0,0.0,持平
CJ1010007122,intermittent,optimized_ses,optimized_ses,0.1003,0.1003,8.63,8.63,V6
CJ1010007137,seasonal,optimized_hw,optimized_hw,0.0485,0.0485,3.73,3.73,V6
CJ1010007140,sparse,croston,croston,0.0139,0.0139,0.45,0.45,V6
CJ1010007156,intermittent,naive_drift,naive_drift,0.069,0.069,0.4,0.4,V6.1
CJ1010007191,intermittent,winsorized,winsorized,0.017,0.017,0.56,0.56,V6
CJ1010007210,seasonal,ma_5,ma_5,0.0,0.0,0.0,0.0,持平
CJ1010007222,sparse,croston,croston,0.0097,0.0097,0.05,0.05,V6
CJ1010007319,sparse,naive_drift,naive_drift,0.0291,0.0291,0.3,0.3,V6
CJ1010007334,erratic,median_5,median_5,0.0784,0.0784,10.0,10.0,V6.1
CJ1010007337,intermittent,interval_based,interval_based,0.012,0.012,0.61,0.61,V6
CJ1010007360,intermittent,median_5,median_5,0.0,0.0,0.0,0.0,持平
CJ1010007386,seasonal,median_5,median_5,0.0,0.0,0.0,0.0,持平
CJ1010007390,intermittent,ma_5,ma_5,0.0,0.0,0.0,0.0,持平
CJ1010007452,sparse,tsb_opt,tsb_opt,0.0754,0.0754,3.85,3.85,V6.1
CJ1010007454,sparse,median_5,median_5,0.0,0.0,0.0,0.0,持平
CJ1010007548,sparse,median_5,median_5,0.0,0.0,0.0,0.0,持平
CJ1010007576,intermittent,ma_3,ma_3,0.2315,0.2315,13.33,13.33,V6.1
CJ1010007591,seasonal,ma_5,ma_5,0.1029,0.1029,5.0,5.0,V6.1
CJ1010007647,seasonal,optimized_des,optimized_des,0.0048,0.0048,0.1,0.1,V6.1
CJ1010007687,intermittent,winsorized,winsorized,0.0009,0.0009,0.06,0.06,V6
CJ1010007782,intermittent,adida,adida,0.0532,0.0532,1.0,1.0,V6.1
CJ1010007810,seasonal,ma_5,ma_5,0.0,0.0,0.0,0.0,持平
CJ1010007843,stable,ma_5,ma_5,0.0,0.0,0.0,0.0,持平
CJ1010007848,stable,optimized_des,optimized_des,0.172,0.172,92.7,92.7,V6
CJ1010007850,erratic,weighted_ma_5,weighted_ma_5,0.0101,0.0101,1.67,1.67,V6
CJ1010007851,erratic,adida,adida,0.473,0.473,52.6,52.6,V6
CJ1010007854,sparse,croston,croston,0.0311,0.0311,0.53,0.53,V6.1
CJ1010007904,intermittent,ma_3,ma_3,0.0347,0.0347,1.67,1.67,V6
CJ1010007905,intermittent,sba,sba,0.1444,0.1444,6.96,6.96,V6
CJ1010007928,intermittent,median_5,median_5,0.0,0.0,0.0,0.0,持平
CJ1010007969,sparse,median_5,median_5,0.0,0.0,0.0,0.0,持平
CJ1010007993,intermittent,theta,theta,0.0561,0.0561,2.25,2.25,V6
CJ1010007994,intermittent,weighted_ma_5,weighted_ma_5,0.0,0.0,0.0,0.0,持平
CJ1010007999,lumpy,tsb_opt,tsb_opt,0.1861,0.1861,4.45,4.45,V6
CJ1010008000,erratic,ma_3,ma_3,0.0338,0.0338,16.33,16.33,V6.1
CJ1010008037,stable,interval_based,interval_based,0.0469,0.0469,5.04,5.04,V6
CJ1010008038,stable,ma_7,ma_7,0.0151,0.0151,2.14,2.14,V6
CJ1010008046,seasonal,median_5,median_5,0.0,0.0,0.0,0.0,持平
CJ1010008086,all_zero,ma_5,ma_5,0.0,0.0,0.0,0.0,持平
CJ1010008144,intermittent,winsorized,winsorized,0.0145,0.0145,0.62,0.62,V6
CJ1010008188,sparse,interval_based,interval_based,0.3135,0.3135,3.64,3.64,V6.1
CJ1010008196,seasonal,ma_5,ma_5,0.0623,0.0623,2.0,2.0,V6
CJ1010008204,lumpy,tsb_opt,tsb_opt,0.0529,0.0529,0.25,0.25,V6
CJ1010008240,lumpy,ma_5,ma_5,0.0741,0.0741,2.0,2.0,V6.1
CJ1010008259,sparse,median_5,median_5,0.0,0.0,0.0,0.0,持平
CJ1010008261,stable,theta,theta,0.158,0.158,26.0,26.0,V6.1
CJ1010008371,seasonal,optimized_hw,optimized_hw,0.0449,0.0449,2.18,2.18,V6
CJ1010008381,intermittent,winsorized,winsorized,0.0446,0.0446,0.62,0.62,V6
CJ1010008453,seasonal,optimized_hw,optimized_hw,0.0758,0.0758,2.03,2.03,V6
CJ1010008489,lumpy,median_5,median_5,0.0,0.0,0.0,0.0,持平
CJ1010008533,intermittent,winsorized,winsorized,0.0042,0.0042,0.31,0.31,V6.1
CJ1010008568,seasonal,optimized_hw,optimized_hw,0.1139,0.1139,3.8,3.8,V6.1
CJ1010008616,intermittent,adida,adida,0.0901,0.0901,0.94,0.94,V6
CJ1010008725,intermittent,sba,sba,0.0021,0.0021,0.02,0.02,V6
CJ1010008815,seasonal,seasonal_naive,seasonal_naive,0.0421,0.0421,14.0,14.0,V6.1
CJ1010008860,seasonal,optimized_hw,optimized_hw,2.4974,2.4974,28.47,28.47,V6.1
CJ1010008951,lumpy,weighted_ma_5,weighted_ma_5,0.1932,0.1932,1.33,1.33,V6
CJ1010009191,lumpy,croston,croston,0.012,0.012,0.41,0.41,V6.1
CJ1010009404,intermittent,median_5,median_5,0.0,0.0,0.0,0.0,持平
CJ1010010478,intermittent,ma_5,ma_5,0.0,0.0,0.0,0.0,持平
CJ1010061096,intermittent,median_5,median_5,0.0,0.0,0.0,0.0,持平
CJ1010061301,erratic,weighted_ma_5,weighted_ma_5,0.0509,0.0509,6.67,6.67,V6.1
CJ1010061352,sparse,ma_5,ma_5,0.0,0.0,0.0,0.0,持平
CJ1010061355,all_zero,optimized_ses,optimized_ses,0.476,0.476,6.0,6.0,V6.1
CJ1010071092,intermittent,interval_based,interval_based,0.1223,0.1223,10.86,10.86,V6.1
CJ1010071343,seasonal,optimized_ses,optimized_ses,0.0473,0.0473,6.44,6.44,V6
CJ1010071355,sparse,median_5,median_5,0.0,0.0,0.0,0.0,持平
CJ1010071373,seasonal,optimized_des,optimized_des,0.2477,0.2477,96.49,96.49,V6.1
CJ1010071480,stable,ma_3,ma_3,0.0307,0.0307,13.33,13.33,V6
CJ1010101644,sparse,median_5,median_5,0.0,0.0,0.0,0.0,持平
CJ1010101786,seasonal,holt_winters,holt_winters,0.0,0.0,0.0,0.0,持平
CJ1010101830,sparse,adida,adida,0.0496,0.0496,4.17,4.17,V6
CJ1010101842,intermittent,weighted_ma_5,weighted_ma_5,0.0751,0.0751,16.67,16.67,V6.1
CJ1010101843,intermittent,ma_5,ma_5,0.0,0.0,0.0,0.0,持平
CJ1010121214,seasonal,seasonal_naive,seasonal_naive,0.0472,0.0472,10.0,10.0,V6.1
CJ1010121304,seasonal,optimized_des,optimized_des,0.0241,0.0241,1.73,1.73,V6.1
CJ1010121305,intermittent,weighted_ma_5,weighted_ma_5,0.0779,0.0779,16.67,16.67,V6.1
CJ1010121317,seasonal,optimized_ses,optimized_ses,0.0438,0.0438,5.43,5.43,V6.1
CJ1010121357,intermittent,ma_5,ma_5,0.0,0.0,0.0,0.0,持平
CJ1010121496,sparse,interval_based,interval_based,0.8424,0.8424,10.11,10.11,V6.1
CJ1010121509,seasonal,median_5,median_5,0.0,0.0,0.0,0.0,持平
CJ1010121510,seasonal,damped_trend,damped_trend,0.055,0.055,7.04,7.04,V6
CJ1010121584,lumpy,adida,adida,0.3483,0.3483,104.5,104.5,V6
CJ1010121663,seasonal,ma_3,ma_3,0.392,0.392,213.33,213.33,V6
CJ1010121688,intermittent,optimized_ses,optimized_ses,0.1221,0.1221,140.31,140.31,V6
CJ1010121703,intermittent,winsorized,winsorized,0.3634,0.3634,15.63,15.63,V6.1
CJ1010121804,seasonal,theta,theta,0.4258,0.4258,30.32,30.32,V6
CJ1010130154,intermittent,median_5,median_5,0.0,0.0,0.0,0.0,持平
CJ1010130261,sparse,median_5,median_5,0.0,0.0,0.0,0.0,持平
CJ1010130283,seasonal,seasonal_naive,seasonal_naive,0.3937,0.3937,10.0,10.0,V6
CJ1010130285,intermittent,median_5,median_5,0.0,0.0,0.0,0.0,持平
CJ1010140298,lumpy,winsorized,winsorized,0.1203,0.1203,47.5,47.5,V6.1
CJ1010140384,intermittent,croston,croston,0.0264,0.0264,3.27,3.27,V6
CJ1010140414,seasonal,holt_winters,holt_winters,0.2804,0.2804,45.43,45.43,V6
CJ1010160594,seasonal,optimized_hw,optimized_hw,0.0847,0.0847,5.0,5.0,V6
CJ1010160989,intermittent,median_5,median_5,0.0,0.0,0.0,0.0,持平
CJ1010161081,seasonal,optimized_hw,optimized_hw,0.1363,0.1363,40.88,40.88,V6.1
CJ1010161410,intermittent,adida,adida,0.0526,0.0526,1.0,1.0,V6
CJ1010250007,intermittent,median_5,median_5,0.0,0.0,0.0,0.0,持平
CJ1010270017,sparse,median_5,median_5,0.0,0.0,0.0,0.0,持平
CJ1010270027,seasonal,naive_drift,naive_drift,0.2075,0.2075,3.3,3.3,V6
CJ1010270029,trending,ma_5,ma_5,0.0,0.0,0.0,0.0,持平
CJ1010270032,seasonal,theta,theta,0.0055,0.0055,0.02,0.02,V6.1
CJ1010270041,stable,damped_trend,damped_trend,0.0123,0.0123,0.37,0.37,V6
CJ1010270046,intermittent,adida,adida,0.7083,0.7083,3.4,3.4,V6
CJ1010270082,stable,theta,theta,0.1905,0.1905,6.23,6.23,V6.1
CJ1010300047,trending,optimized_des,optimized_des,0.0,0.0,0.0,0.0,持平
CJ1010420069,intermittent,ma_5,ma_5,0.0654,0.0654,1.0,1.0,V6.1
CJ1010420301,sparse,naive_drift,naive_drift,0.0,0.0,0.0,0.0,持平
CJ1010420404,all_zero,ma_5,ma_5,0.0,0.0,0.0,0.0,持平
CJ1010420444,stable,naive_drift,naive_drift,0.0476,0.0476,1.6,1.6,V6
CJ1010420445,seasonal,median_5,median_5,0.0227,0.0227,1.0,1.0,V6.1
CJ1010420476,seasonal,optimized_des,optimized_des,0.0104,0.0104,0.1,0.1,V6
CJ1010420517,lumpy,weighted_ma_5,weighted_ma_5,0.0211,0.0211,0.33,0.33,V6.1
CJ1010420522,intermittent,adida,adida,0.0216,0.0216,0.43,0.43,V6.1
CJ1010420523,erratic,sba,sba,0.0301,0.0301,3.12,3.12,V6
CJ1010420540,intermittent,median_5,median_5,0.0,0.0,0.0,0.0,持平
CJ1010420545,stable,ma_3,ma_3,0.3895,0.3895,48.33,48.33,V6.1
CJ1010420564,intermittent,winsorized,winsorized,2.5781,2.5781,4.12,4.12,V6
CJ1010420618,stable,theta,theta,0.0093,0.0093,4.73,4.73,V6
CJ1010420623,intermittent,ma_3,ma_3,0.0,0.0,0.0,0.0,持平
CJ1010420627,seasonal,optimized_hw,optimized_hw,0.0573,0.0573,17.05,17.05,V6
CJ1010420635,intermittent,median_5,median_5,0.0,0.0,0.0,0.0,持平
CJ1010420659,sparse,ma_5,ma_5,0.3846,0.3846,1.0,1.0,V6
CJ1010420674,seasonal,optimized_des,optimized_des,0.0096,0.0096,0.17,0.17,V6.1
CJ1010420678,intermittent,adida,adida,0.0305,0.0305,1.37,1.37,V6
CJ1010420686,intermittent,optimized_ses,optimized_ses,0.0063,0.0063,0.16,0.16,V6
CJ1010420692,erratic,naive_drift,naive_drift,0.0,0.0,0.0,0.0,持平
CJ1010420731,intermittent,sba,sba,0.0589,0.0589,2.48,2.48,V6.1
CJ1010420739,intermittent,optimized_ses,optimized_ses,0.0033,0.0033,0.03,0.03,V6
CJ1010420750,seasonal,naive_drift,naive_drift,0.0959,0.0959,10.8,10.8,V6
CJ1010420751,seasonal,optimized_hw,optimized_hw,0.0316,0.0316,4.81,4.81,V6.1
CJ1010420753,intermittent,optimized_ses,optimized_ses,0.0422,0.0422,0.79,0.79,V6
CJ1010440099,seasonal,optimized_ses,optimized_ses,0.4888,0.4888,62.56,62.56,V6.1
CJ1010480071,sparse,median_5,median_5,0.0,0.0,0.0,0.0,持平
CJ1010480085,all_zero,ma_5,ma_5,0.0,0.0,0.0,0.0,持平
CJ1010480086,intermittent,median_5,median_5,0.0,0.0,0.0,0.0,持平
CJ1010480124,sparse,median_5,median_5,0.0,0.0,0.0,0.0,持平
CJ1010480141,intermittent,optimized_ses,optimized_ses,0.158,0.158,7.08,7.08,V6.1
CJ1010480146,intermittent,median_5,median_5,0.0,0.0,0.0,0.0,持平
CJ1010480171,seasonal,holt_winters,holt_winters,0.0,0.0,0.0,0.0,持平
CJ1010480173,intermittent,median_5,median_5,0.0,0.0,0.0,0.0,持平
CJ1010480180,sparse,median_5,median_5,0.0,0.0,0.0,0.0,持平
CJ1010480224,intermittent,median_5,median_5,0.0,0.0,0.0,0.0,持平
CJ1010480232,intermittent,median_5,median_5,0.0,0.0,0.0,0.0,持平
CJ1010480238,sparse,median_5,median_5,0.0,0.0,0.0,0.0,持平
CJ1010480297,intermittent,median_5,median_5,0.0,0.0,0.0,0.0,持平
CJ1010480366,all_zero,ma_5,ma_5,0.0,0.0,0.0,0.0,持平
CJ1010480368,intermittent,median_5,median_5,0.0,0.0,0.0,0.0,持平
CJ1010480369,intermittent,median_5,median_5,0.0,0.0,0.0,0.0,持平
CJ1010480385,lumpy,winsorized,winsorized,0.0,0.0,0.0,0.0,持平
CJ1010480386,lumpy,median_5,median_5,0.0,0.0,0.0,0.0,持平
CJ1010480387,intermittent,croston,croston,0.035,0.035,1.2,1.2,V6.1
CJ1010480389,seasonal,theta,theta,0.0,0.0,0.0,0.0,持平
CJ1010480397,intermittent,median_5,median_5,0.0,0.0,0.0,0.0,持平
CJ1010480426,intermittent,median_5,median_5,0.0,0.0,0.0,0.0,持平
CJ1010480434,seasonal,holt_winters,holt_winters,0.0,0.0,0.0,0.0,持平
CJ1010480454,intermittent,median_5,median_5,0.0,0.0,0.0,0.0,持平
CJ1010480478,lumpy,winsorized,winsorized,0.0699,0.0699,17.5,17.5,V6.1
CJ1010480487,lumpy,winsorized,winsorized,0.0,0.0,0.0,0.0,持平
CJ1010480534,intermittent,interval_based,interval_based,0.7963,0.7963,2.87,2.87,V6.1
CJ1010490031,sparse,median_5,median_5,0.0,0.0,0.0,0.0,持平
CJ1010490054,lumpy,adida,adida,0.039,0.039,1.02,1.02,V6.1
CJ1010490077,intermittent,optimized_ses,optimized_ses,0.0528,0.0528,2.01,2.01,V6
CJ1010490079,intermittent,theta,theta,0.0011,0.0011,0.08,0.08,V6.1
CJ1010490081,lumpy,ma_3,ma_3,0.0769,0.0769,1.0,1.0,V6
CJ1010510004,all_zero,ma_5,ma_5,0.0,0.0,0.0,0.0,持平
CJ1010510047,stable,ma_7,ma_7,0.4762,0.4762,1.71,1.71,V6.1
CJ1010510048,intermittent,interval_based,interval_based,0.6878,0.6878,1.38,1.38,V6
CJ1010510055,intermittent,sba,sba,0.11,0.11,0.26,0.26,V6.1
CJ1010510056,seasonal,theta,theta,0.1014,0.1014,0.52,0.52,V6.1
CJ1010510063,trending,naive_drift,naive_drift,0.0,0.0,0.0,0.0,持平
CJ1010510064,intermittent,median_5,median_5,0.0,0.0,0.0,0.0,持平
CJ1010510066,all_zero,median_5,median_5,0.0,0.0,0.0,0.0,持平
CJ1010510067,intermittent,ma_5,ma_5,0.0,0.0,0.0,0.0,持平
CJ1010510074,lumpy,naive_drift,naive_drift,0.0,0.0,0.0,0.0,持平
CJ1010510079,seasonal,ma_5,ma_5,0.0,0.0,0.0,0.0,持平
CJ1010510093,seasonal,seasonal_naive,seasonal_naive,0.0,0.0,0.0,0.0,持平
CJ1010510094,seasonal,theta,theta,0.6636,0.6636,6.64,6.64,V6.1
CJ1010510097,seasonal,ma_3,ma_3,0.1282,0.1282,0.67,0.67,V6
CJ1010510100,seasonal,median_5,median_5,0.1818,0.1818,2.0,2.0,V6
CJ1010510103,intermittent,optimized_ses,optimized_ses,0.2172,0.2172,0.91,0.91,V6
CJ1010510104,intermittent,croston,croston,0.0313,0.0313,0.12,0.12,V6
CJ1010510111,intermittent,croston,croston,0.3135,0.3135,0.34,0.34,V6
CJ1010510117,trending,theta,theta,0.5075,0.5075,9.08,9.08,V6.1
CJ1010510118,intermittent,weighted_ma_5,weighted_ma_5,0.2222,0.2222,0.33,0.33,V6
CJ1010510127,intermittent,ma_5,ma_5,0.0,0.0,0.0,0.0,持平
CJ1010510128,intermittent,croston,croston,0.0115,0.0115,0.03,0.03,V6
CJ1010510130,stable,ma_5,ma_5,0.0,0.0,0.0,0.0,持平
CJ1010510133,stable,interval_based,interval_based,0.0433,0.0433,0.43,0.43,V6.1
CJ1010510136,intermittent,interval_based,interval_based,0.0455,0.0455,0.2,0.2,V6.1
CJ1010510140,seasonal,ma_3,ma_3,0.9722,0.9722,2.33,2.33,V6
CJ1010510141,seasonal,naive_drift,naive_drift,0.1373,0.1373,0.7,0.7,V6.1
CJ1010510146,intermittent,ma_5,ma_5,0.0,0.0,0.0,0.0,持平
CJ1010510147,stable,seasonal_naive,seasonal_naive,0.0,0.0,0.0,0.0,持平
CJ1010510148,seasonal,weighted_ma_5,weighted_ma_5,0.0,0.0,0.0,0.0,持平
CJ1010510151,stable,interval_based,interval_based,0.0354,0.0354,0.28,0.28,V6
CJ1010520098,all_zero,ma_5,ma_5,0.0,0.0,0.0,0.0,持平
CJ1010520165,intermittent,sba,sba,0.0687,0.0687,0.79,0.79,V6.1
CJ1010520186,intermittent,ma_3,ma_3,0.1333,0.1333,0.33,0.33,V6
CJ1010520297,intermittent,theta,theta,0.2516,0.2516,0.83,0.83,V6
CJ1010520299,intermittent,interval_based,interval_based,0.0902,0.0902,0.25,0.25,V6.1
CJ1010520302,intermittent,adida,adida,0.25,0.25,0.5,0.5,V6.1
CJ1010520303,seasonal,damped_trend,damped_trend,0.0846,0.0846,0.19,0.19,V6
CJ1010520318,intermittent,median_5,median_5,0.0,0.0,0.0,0.0,持平
CJ1010520319,stable,interval_based,interval_based,0.0074,0.0074,0.04,0.04,V6
CJ1010520352,intermittent,winsorized,winsorized,0.0926,0.0926,0.25,0.25,V6.1
CJ1010520384,intermittent,tsb_opt,tsb_opt,0.2061,0.2061,0.33,0.33,V6
CJ1010550017,trending,naive_drift,naive_drift,0.0,0.0,0.0,0.0,持平
CJ1010550023,intermittent,median_5,median_5,0.0,0.0,0.0,0.0,持平
CJ1021050036,intermittent,interval_based,interval_based,0.5847,0.5847,145.6,145.6,V6
CJ1021050037,stable,seasonal_naive,seasonal_naive,0.0036,0.0036,1.0,1.0,V6
CJ1021050058,intermittent,sba,sba,0.1721,0.1721,37.82,37.82,V6.1
CJ1021050059,trending,ma_3,ma_3,0.0725,0.0725,16.67,16.67,V6.1
CJ1021050078,seasonal,optimized_des,optimized_des,0.0,0.0,0.0,0.0,持平
CJ1021050080,seasonal,theta,theta,0.2124,0.2124,85.99,85.99,V6
CJ1021050081,seasonal,optimized_ses,optimized_ses,0.1398,0.1398,8.11,8.11,V6
CJ1021050082,intermittent,croston,croston,0.2337,0.2337,11.68,11.68,V6.1
CJ1021050087,seasonal,seasonal_naive,seasonal_naive,0.0,0.0,0.0,0.0,持平
CJ1021050115,intermittent,median_5,median_5,0.0093,0.0093,1.0,1.0,V6.1
CJ1021050117,intermittent,median_5,median_5,0.0,0.0,0.0,0.0,持平
CJ1021050118,intermittent,tsb_opt,tsb_opt,0.0085,0.0085,1.91,1.91,V6.1
CJ1021050120,stable,weighted_ma_5,weighted_ma_5,0.0,0.0,0.0,0.0,持平
CJ1021050123,intermittent,ma_3,ma_3,0.1316,0.1316,10.0,10.0,V6.1
CJ1021050129,intermittent,interval_based,interval_based,0.0385,0.0385,5.2,5.2,V6
CJ1021050131,seasonal,ma_5,ma_5,0.1581,0.1581,40.0,40.0,V6
CJ1021050141,intermittent,adida,adida,0.15,0.15,25.2,25.2,V6.1
CJ1021050142,seasonal,holt_winters,holt_winters,0.0814,0.0814,35.63,35.63,V6
CJ1021050153,intermittent,ma_5,ma_5,0.0091,0.0091,1.0,1.0,V6.1
CJ1021050156,intermittent,median_5,median_5,0.0,0.0,0.0,0.0,持平
CJ1021050161,seasonal,naive_drift,naive_drift,0.35,0.35,126.0,126.0,V6
CJ1021050185,intermittent,median_5,median_5,0.0,0.0,0.0,0.0,持平
CJ1021050206,sparse,median_5,median_5,0.0,0.0,0.0,0.0,持平
CJ1021050212,intermittent,ma_5,ma_5,0.0,0.0,0.0,0.0,持平
CJ1021050214,stable,optimized_des,optimized_des,0.1609,0.1609,45.01,45.01,V6.1
CJ1021050221,intermittent,winsorized,winsorized,0.0833,0.0833,7.5,7.5,V6
CJ1021050227,intermittent,ma_3,ma_3,0.1923,0.1923,10.0,10.0,V6
CJ1021050228,intermittent,ma_5,ma_5,0.0,0.0,0.0,0.0,持平
CJ1021050231,trending,optimized_des,optimized_des,0.1554,0.1554,53.62,53.62,V6
CJ1021050235,intermittent,median_5,median_5,1.4286,1.4286,80.0,80.0,V6.1
CJ1021050249,intermittent,tsb_opt,tsb_opt,0.1262,0.1262,8.17,8.17,V6.1
CJ1021050261,intermittent,optimized_ses,optimized_ses,0.033,0.033,2.8,2.8,V6.1
CJ1021050265,stable,ma_3,ma_3,0.0225,0.0225,16.67,16.67,V6
CJ1021050274,seasonal,median_5,median_5,0.0,0.0,0.0,0.0,持平
CJ1021050291,seasonal,theta,theta,0.4558,0.4558,122.87,122.87,V6.1
CJ1021050318,intermittent,median_5,median_5,0.0,0.0,0.0,0.0,持平
CJ1021060037,intermittent,optimized_ses,optimized_ses,0.0068,0.0068,1.06,1.06,V6
CJ1021060073,intermittent,croston,croston,0.4738,0.4738,38.57,38.57,V6
CJ1021060093,intermittent,ma_5,ma_5,0.0,0.0,0.0,0.0,持平
CJ1021060096,intermittent,adida,adida,0.0648,0.0648,8.75,8.75,V6
CJ1021060169,intermittent,sba,sba,0.179,0.179,14.64,14.64,V6
CJ1021210023,intermittent,median_5,median_5,0.0,0.0,0.0,0.0,持平
CJ1021210024,intermittent,median_5,median_5,0.0,0.0,0.0,0.0,持平
CJ1022130020,intermittent,optimized_ses,optimized_ses,0.0097,0.0097,1.21,1.21,V6
CJ1022130180,intermittent,winsorized,winsorized,0.0405,0.0405,8.12,8.12,V6.1
CJ1022130200,seasonal,damped_trend,damped_trend,0.1446,0.1446,49.12,49.12,V6
CJ1022130209,seasonal,seasonal_naive,seasonal_naive,0.0153,0.0153,2.0,2.0,V6
CJ1022130246,seasonal,naive_drift,naive_drift,0.0933,0.0933,35.0,35.0,V6
CJ1022130389,seasonal,holt_winters,holt_winters,0.4108,0.4108,360.28,360.28,V6
CJ1022130418,seasonal,holt_winters,holt_winters,0.0235,0.0235,10.61,10.61,V6
CJ1040200008,seasonal,optimized_hw,optimized_hw,0.0,0.0,0.0,0.0,持平
CJ1040200037,stable,interval_based,interval_based,0.0319,0.0319,21.86,21.86,V6.1
CJ1040200073,all_zero,ma_5,ma_5,0.0,0.0,0.0,0.0,持平
CJ1040200076,seasonal,theta,theta,0.0,0.0,0.0,0.0,持平
CJ1040200096,sparse,ma_5,ma_5,0.0,0.0,0.0,0.0,持平
CJ1040200156,all_zero,ma_5,ma_5,0.0,0.0,0.0,0.0,持平
CJ1040200162,intermittent,ma_5,ma_5,0.0,0.0,0.0,0.0,持平
CJ1040200163,lumpy,theta,theta,0.0505,0.0505,15.94,15.94,V6
CJ1040200165,lumpy,interval_based,interval_based,0.318,0.318,195.79,195.79,V6
CJ1040200280,intermittent,winsorized,winsorized,0.0439,0.0439,0.75,0.75,V6.1
CJ1040200286,seasonal,ma_3,ma_3,0.0225,0.0225,2.67,2.67,V6.1
CJ1040200408,erratic,ma_3,ma_3,0.155,0.155,0.67,0.67,V6
CJ1040200478,stable,seasonal_naive,seasonal_naive,0.1094,0.1094,134.0,134.0,V6.1
CJ1040200504,stable,naive_drift,naive_drift,0.1894,0.1894,20.8,20.8,V6
CJ1040200821,intermittent,tsb_opt,tsb_opt,0.0123,0.0123,0.29,0.29,V6
CJ1040200869,intermittent,winsorized,winsorized,0.0498,0.0498,1.5,1.5,V6
CJ1040200922,stable,optimized_ses,optimized_ses,0.0491,0.0491,47.45,47.45,V6.1
CJ1040200927,trending,naive_drift,naive_drift,1.5116,1.5116,13.0,13.0,V6
CJ1040200936,intermittent,median_5,median_5,0.0,0.0,0.0,0.0,持平
CJ1040200962,lumpy,interval_based,interval_based,0.0769,0.0769,7.55,7.55,V6.1
CJ1040200984,seasonal,seasonal_naive,seasonal_naive,0.0685,0.0685,1.0,1.0,V6.1
CJ1040200995,seasonal,ma_3,ma_3,0.0366,0.0366,0.67,0.67,V6
CJ1040201010,intermittent,ma_5,ma_5,0.0,0.0,0.0,0.0,持平
CJ1040201021,seasonal,naive_drift,naive_drift,0.68,0.68,1.7,1.7,V6.1
CJ1040201022,sparse,winsorized,winsorized,0.1918,0.1918,3.62,3.62,V6.1
CJ1040201041,intermittent,ma_3,ma_3,1.1765,1.1765,4.0,4.0,V6.1
CJ1040201050,intermittent,adida,adida,0.2427,0.2427,4.42,4.42,V6.1
CJ1040201081,seasonal,holt_winters,holt_winters,0.0,0.0,0.0,0.0,持平
CJ1040201082,stable,ma_7,ma_7,0.0475,0.0475,9.29,9.29,V6.1
CJ1040201087,seasonal,ma_5,ma_5,0.0,0.0,0.0,0.0,持平
CJ1040201159,all_zero,ma_5,ma_5,0.0,0.0,0.0,0.0,持平
CJ1040201160,stable,theta,theta,0.0591,0.0591,2.19,2.19,V6
CJ1040201169,intermittent,naive_drift,naive_drift,0.3846,0.3846,10.0,10.0,V6
CJ1040201170,intermittent,median_5,median_5,0.0,0.0,0.0,0.0,持平
CJ1040201173,intermittent,naive_drift,naive_drift,0.3721,0.3721,3.2,3.2,V6.1
CJ1040201180,intermittent,median_5,median_5,0.0,0.0,0.0,0.0,持平
CJ1040201184,trending,seasonal_naive,seasonal_naive,0.5469,0.5469,28.0,28.0,V6.1
CJ1040201185,lumpy,ma_5,ma_5,0.0,0.0,0.0,0.0,持平
CJ1040201187,stable,optimized_des,optimized_des,0.2264,0.2264,340.0,340.0,V6.1
CJ1040201193,seasonal,seasonal_naive,seasonal_naive,0.0,0.0,0.0,0.0,持平
CJ1040201200,intermittent,theta,theta,0.1249,0.1249,2.97,2.97,V6
CJ1040201205,intermittent,interval_based,interval_based,0.0624,0.0624,2.27,2.27,V6.1
CJ1040201206,sparse,median_5,median_5,0.0,0.0,0.0,0.0,持平
CJ1040201217,intermittent,interval_based,interval_based,0.2638,0.2638,100.61,100.61,V6.1
CJ1040201218,stable,theta,theta,0.1061,0.1061,56.0,56.0,V6
CJ1040201219,intermittent,median_5,median_5,0.0,0.0,0.0,0.0,持平
CJ1040201235,intermittent,median_5,median_5,0.0,0.0,0.0,0.0,持平
CJ1040201239,all_zero,optimized_ses,optimized_ses,0.3623,0.3623,5.29,5.29,V6
CJ1040201242,stable,optimized_hw,optimized_hw,0.0251,0.0251,8.48,8.48,V6.1
CJ1040201244,intermittent,adida,adida,0.3325,0.3325,25.2,25.2,V6.1
CJ1040201248,seasonal,median_5,median_5,0.0,0.0,0.0,0.0,持平
CJ1040201251,intermittent,median_5,median_5,0.0,0.0,0.0,0.0,持平
CJ1040201259,intermittent,tsb_opt,tsb_opt,0.0191,0.0191,1.51,1.51,V6
CJ1040201341,seasonal,optimized_ses,optimized_ses,0.1597,0.1597,9.17,9.17,V6
CJ1040201356,intermittent,croston,croston,0.1875,0.1875,9.45,9.45,V6
CJ1040201357,intermittent,sba,sba,0.0281,0.0281,3.17,3.17,V6
CJ1040201368,intermittent,theta,theta,0.0035,0.0035,0.07,0.07,V6.1
CJ1040201397,stable,optimized_ses,optimized_ses,0.051,0.051,2.15,2.15,V6.1
CJ1040201402,intermittent,sba,sba,0.0347,0.0347,0.7,0.7,V6.1
CJ1040201407,intermittent,tsb_opt,tsb_opt,0.0291,0.0291,1.19,1.19,V6.1
CJ1040201416,intermittent,median_5,median_5,0.0,0.0,0.0,0.0,持平
CJ1040201417,sparse,interval_based,interval_based,2.269,2.269,45.38,45.38,V6.1
CJ1040201459,intermittent,theta,theta,0.0917,0.0917,3.1,3.1,V6
CJ1040201480,seasonal,weighted_ma_5,weighted_ma_5,0.119,0.119,0.33,0.33,V6
CJ1040280029,all_zero,ma_5,ma_5,0.0,0.0,0.0,0.0,持平
CJ1040340308,sparse,median_5,median_5,0.0,0.0,0.0,0.0,持平
CJ1040340312,intermittent,median_5,median_5,0.0,0.0,0.0,0.0,持平
CJ1040340330,intermittent,median_5,median_5,0.0,0.0,0.0,0.0,持平
CJ1040340359,seasonal,optimized_ses,optimized_ses,0.1487,0.1487,0.8,0.8,V6.1
CJ1040340362,intermittent,tsb_opt,tsb_opt,0.4496,0.4496,4.18,4.18,V6.1
CJ1040340372,sparse,median_5,median_5,0.0,0.0,0.0,0.0,持平
CJ1040340379,all_zero,median_5,median_5,0.0,0.0,0.0,0.0,持平
CJ1040340392,intermittent,median_5,median_5,0.0,0.0,0.0,0.0,持平
CJ1040340439,seasonal,optimized_des,optimized_des,0.0,0.0,0.0,0.0,持平
CJ1040340451,sparse,ma_5,ma_5,1.0,1.0,2.0,2.0,持平
CJ1040340456,intermittent,weighted_ma_5,weighted_ma_5,0.0877,0.0877,0.33,0.33,V6
CJ1040340462,intermittent,median_5,median_5,0.0,0.0,0.0,0.0,持平
CJ1040340474,stable,naive_drift,naive_drift,0.0086,0.0086,0.3,0.3,V6
CJ1040340475,lumpy,tsb_opt,tsb_opt,0.0611,0.0611,0.76,0.76,V6.1
CJ1040340486,sparse,median_5,median_5,0.0,0.0,0.0,0.0,持平
CJ1040340487,all_zero,optimized_ses,optimized_ses,0.8268,0.8268,1.98,1.98,V6
CJ1040340502,seasonal,seasonal_naive,seasonal_naive,0.0,0.0,0.0,0.0,持平
CJ1040340519,intermittent,theta,theta,0.038,0.038,0.26,0.26,V6.1
CJ1040340527,seasonal,theta,theta,0.3238,0.3238,2.2,2.2,V6.1
CJ1040340529,intermittent,theta,theta,0.3254,0.3254,0.85,0.85,V6.1
CJ1040340547,erratic,winsorized,winsorized,1.3971,1.3971,9.5,9.5,V6.1
CJ1040340552,trending,damped_trend,damped_trend,0.0408,0.0408,1.29,1.29,V6
CJ1040340567,all_zero,ma_5,ma_5,0.0,0.0,0.0,0.0,持平
CJ1040340571,trending,optimized_hw,optimized_hw,0.0272,0.0272,0.31,0.31,V6.1
CJ1040340572,erratic,weighted_ma_5,weighted_ma_5,0.0193,0.0193,0.33,0.33,V6.1
CJ1040340574,intermittent,croston,croston,0.0037,0.0037,0.01,0.01,V6.1
CJ1040340586,stable,optimized_hw,optimized_hw,0.066,0.066,1.26,1.26,V6.1
CJ1040340588,lumpy,interval_based,interval_based,0.2174,0.2174,2.0,2.0,V6.1
CJ1040340589,intermittent,interval_based,interval_based,0.0909,0.0909,0.2,0.2,V6
CJ1040340596,stable,theta,theta,0.0826,0.0826,2.35,2.35,V6.1
CJ1040340597,seasonal,ma_5,ma_5,0.0,0.0,0.0,0.0,持平
CJ1040340601,seasonal,optimized_des,optimized_des,0.0302,0.0302,0.05,0.05,V6
CJ1040340609,stable,weighted_ma_5,weighted_ma_5,0.0,0.0,0.0,0.0,持平
CJ1040340610,stable,ma_3,ma_3,0.0407,0.0407,0.67,0.67,V6.1
CJ1040340615,intermittent,ma_3,ma_3,0.1754,0.1754,0.33,0.33,V6
CJ1040340618,intermittent,winsorized,winsorized,0.0521,0.0521,0.25,0.25,V6.1
CJ1040340623,intermittent,interval_based,interval_based,0.1791,0.1791,0.59,0.59,V6.1
CJ1040340630,trending,optimized_hw,optimized_hw,0.0399,0.0399,0.53,0.53,V6
CJ1040340631,stable,weighted_ma_5,weighted_ma_5,0.0,0.0,0.0,0.0,持平
CJ1040340632,erratic,naive_drift,naive_drift,0.1515,0.1515,3.0,3.0,V6
CJ1040340633,stable,ma_3,ma_3,0.356,0.356,11.0,11.0,V6.1
CJ1040340635,intermittent,sba,sba,0.1317,0.1317,0.38,0.38,V6.1
CJ1040340640,intermittent,weighted_ma_5,weighted_ma_5,0.0,0.0,0.0,0.0,持平
CJ1040340646,trending,optimized_ses,optimized_ses,0.005,0.005,0.08,0.08,V6
CJ1040340653,stable,theta,theta,0.0,0.0,0.0,0.0,持平
CJ1040340657,erratic,croston,croston,0.0232,0.0232,0.16,0.16,V6
CJ1040340658,seasonal,optimized_des,optimized_des,0.122,0.122,0.35,0.35,V6
CJ1040340669,intermittent,adida,adida,0.7509,0.7509,3.53,3.53,V6
CJ1040340692,seasonal,theta,theta,0.0,0.0,0.0,0.0,持平
CJ1040340707,trending,optimized_hw,optimized_hw,0.0568,0.0568,5.67,5.67,V6.1
CJ1040340717,stable,ma_5,ma_5,0.0,0.0,0.0,0.0,持平
CJ1040340726,lumpy,theta,theta,0.0367,0.0367,0.76,0.76,V6.1
CJ1040340727,stable,ma_3,ma_3,0.0,0.0,0.0,0.0,持平
CJ1040340760,seasonal,seasonal_naive,seasonal_naive,0.0,0.0,0.0,0.0,持平
CJ1040340819,intermittent,tsb_opt,tsb_opt,0.0892,0.0892,0.86,0.86,V6
CJ1040340823,stable,seasonal_naive,seasonal_naive,0.2381,0.2381,1.0,1.0,V6.1
CJ1040340824,all_zero,ma_5,ma_5,0.0,0.0,0.0,0.0,持平
CJ1040340828,stable,holt_winters,holt_winters,0.1586,0.1586,1.76,1.76,V6.1
CJ1040340829,erratic,sba,sba,0.0362,0.0362,0.51,0.51,V6
CJ1040340831,trending,naive_drift,naive_drift,0.8378,0.8378,6.2,6.2,V6
CJ1040340832,intermittent,interval_based,interval_based,0.0156,0.0156,0.07,0.07,V6
CJ1040340835,seasonal,optimized_ses,optimized_ses,0.0208,0.0208,0.07,0.07,V6.1
CJ1040340839,stable,interval_based,interval_based,0.5185,0.5185,11.98,11.98,V6
CJ1040340843,stable,optimized_hw,optimized_hw,0.0562,0.0562,1.0,1.0,V6.1
CJ1040340848,intermittent,interval_based,interval_based,0.8788,0.8788,4.83,4.83,V6.1
CJ1040340849,intermittent,median_5,median_5,0.0,0.0,0.0,0.0,持平
CJ1040340853,stable,interval_based,interval_based,0.2038,0.2038,1.81,1.81,V6
CJ1040340854,lumpy,adida,adida,0.0448,0.0448,0.16,0.16,V6
CJ1040340855,intermittent,ma_5,ma_5,0.0,0.0,0.0,0.0,持平
CJ1040340860,seasonal,median_5,median_5,0.2463,0.2463,5.0,5.0,V6
CJ1040340864,stable,optimized_des,optimized_des,0.3836,0.3836,7.75,7.75,V6
CJ1040340866,stable,weighted_ma_5,weighted_ma_5,0.0,0.0,0.0,0.0,持平
CJ1040340873,seasonal,seasonal_naive,seasonal_naive,0.0,0.0,0.0,0.0,持平
CJ1040340875,intermittent,optimized_ses,optimized_ses,0.2679,0.2679,1.23,1.23,V6.1
CJ1040340880,intermittent,croston,croston,0.0638,0.0638,0.2,0.2,V6.1
CJ1040340903,stable,naive_drift,naive_drift,0.0142,0.0142,0.4,0.4,V6.1
CJ1040340911,stable,optimized_hw,optimized_hw,0.0329,0.0329,0.39,0.39,V6.1
CJ1040340923,seasonal,ma_3,ma_3,1.2821,1.2821,3.33,3.33,V6.1
CJ1040340925,all_zero,ma_5,ma_5,0.0,0.0,0.0,0.0,持平
CJ1040340953,intermittent,winsorized,winsorized,0.8402,0.8402,5.12,5.12,V6.1
CJ1040340969,intermittent,ma_5,ma_5,0.0,0.0,0.0,0.0,持平
CJ1040340971,intermittent,median_5,median_5,0.0,0.0,0.0,0.0,持平
CJ1040340972,stable,theta,theta,0.0443,0.0443,2.07,2.07,V6.1
CJ1040340973,stable,ma_5,ma_5,0.0,0.0,0.0,0.0,持平
CJ1040340975,seasonal,seasonal_naive,seasonal_naive,0.0,0.0,0.0,0.0,持平
CJ1040340979,stable,interval_based,interval_based,0.2837,0.2837,2.84,2.84,V6.1
CJ1040340981,intermittent,ma_5,ma_5,0.0,0.0,0.0,0.0,持平
CJ1040340983,seasonal,ma_3,ma_3,0.0995,0.0995,0.67,0.67,V6
CJ1040340986,seasonal,theta,theta,0.0638,0.0638,0.75,0.75,V6
CJ1040340989,stable,weighted_ma_5,weighted_ma_5,0.0,0.0,0.0,0.0,持平
CJ1040341000,erratic,ma_3,ma_3,0.0862,0.0862,16.67,16.67,V6.1
CJ1040341007,intermittent,theta,theta,0.0157,0.0157,0.21,0.21,V6
CJ1040341013,stable,holt_winters,holt_winters,0.1594,0.1594,1.8,1.8,V6.1
CJ1040341017,intermittent,naive_drift,naive_drift,0.1562,0.1562,1.0,1.0,V6
CJ1040341018,stable,weighted_ma_5,weighted_ma_5,0.0473,0.0473,0.67,0.67,V6.1
CJ1040341026,erratic,theta,theta,0.1593,0.1593,0.89,0.89,V6.1
CJ1040341027,sparse,median_5,median_5,0.0,0.0,0.0,0.0,持平
CJ1040341028,erratic,sba,sba,0.0136,0.0136,0.36,0.36,V6.1
CJ1040341029,intermittent,adida,adida,0.1667,0.1667,1.1,1.1,V6.1
CJ1040341031,intermittent,median_5,median_5,0.0,0.0,0.0,0.0,持平
CJ1040341035,seasonal,damped_trend,damped_trend,0.0333,0.0333,0.54,0.54,V6.1
CJ1040341036,intermittent,naive_drift,naive_drift,0.2,0.2,0.7,0.7,V6.1
CJ1040341037,seasonal,median_5,median_5,0.0885,0.0885,1.0,1.0,V6.1
CJ1040341038,stable,weighted_ma_5,weighted_ma_5,0.0375,0.0375,0.67,0.67,V6.1
CJ1040341039,stable,naive_drift,naive_drift,0.1364,0.1364,1.2,1.2,V6.1
CJ1040341041,stable,ma_5,ma_5,0.0,0.0,0.0,0.0,持平
CJ1040341042,sparse,croston,croston,0.0512,0.0512,0.11,0.11,V6
CJ1040341043,all_zero,ma_5,ma_5,0.0,0.0,0.0,0.0,持平
CJ1040341047,seasonal,ma_5,ma_5,0.0,0.0,0.0,0.0,持平
CJ1040341048,seasonal,median_5,median_5,0.0,0.0,0.0,0.0,持平
CJ1040341052,intermittent,ma_5,ma_5,0.0,0.0,0.0,0.0,持平
CJ1040341053,stable,ma_7,ma_7,0.0251,0.0251,0.29,0.29,V6.1
CJ1040341061,intermittent,median_5,median_5,1.4286,1.4286,2.0,2.0,V6.1
CJ1040341065,intermittent,interval_based,interval_based,0.8289,0.8289,2.82,2.82,V6.1
CJ1040341072,all_zero,ma_3,ma_3,0.7576,0.7576,1.67,1.67,V6.1
CJ1040341081,intermittent,ma_5,ma_5,0.0,0.0,0.0,0.0,持平
CJ1040341083,seasonal,ma_3,ma_3,0.0,0.0,0.0,0.0,持平
CJ1040341091,intermittent,ma_5,ma_5,0.0,0.0,0.0,0.0,持平
CJ1040341093,intermittent,sba,sba,0.1255,0.1255,0.46,0.46,V6.1
CJ1040341097,stable,theta,theta,1.1901,1.1901,21.78,21.78,V6.1
CJ1040341100,lumpy,winsorized,winsorized,0.2841,0.2841,1.56,1.56,V6.1
CJ1040341106,intermittent,ma_5,ma_5,0.0,0.0,0.0,0.0,持平
CJ1040341111,stable,naive_drift,naive_drift,0.0185,0.0185,0.4,0.4,V6
CJ1040341112,lumpy,weighted_ma_5,weighted_ma_5,0.0766,0.0766,1.33,1.33,V6
CJ1040341120,intermittent,sba,sba,0.1557,0.1557,0.22,0.22,V6
CJ1040341122,seasonal,optimized_des,optimized_des,0.3861,0.3861,12.78,12.78,V6
CJ1040341126,intermittent,optimized_ses,optimized_ses,0.0037,0.0037,0.01,0.01,V6.1
CJ1040341127,intermittent,optimized_ses,optimized_ses,0.0036,0.0036,0.01,0.01,V6
CJ1040341128,seasonal,seasonal_naive,seasonal_naive,0.2632,0.2632,1.0,1.0,V6.1
CJ1040341129,intermittent,median_5,median_5,0.0,0.0,0.0,0.0,持平
CJ1040341130,seasonal,ma_5,ma_5,0.3333,0.3333,1.0,1.0,V6
CJ1040341137,intermittent,adida,adida,0.0083,0.0083,0.04,0.04,V6
CJ1040341144,seasonal,seasonal_naive,seasonal_naive,0.2128,0.2128,1.0,1.0,V6.1
CJ1040341145,all_zero,ma_5,ma_5,0.0,0.0,0.0,0.0,持平
CJ1040341149,intermittent,ma_3,ma_3,0.0725,0.0725,0.33,0.33,V6.1
CJ1040341171,stable,seasonal_naive,seasonal_naive,0.3093,0.3093,3.0,3.0,V6.1
CJ1040341181,intermittent,weighted_ma_5,weighted_ma_5,0.1258,0.1258,0.67,0.67,V6.1
CJ1040341183,intermittent,naive_drift,naive_drift,0.1034,0.1034,0.6,0.6,V6
CJ1040341185,intermittent,adida,adida,0.151,0.151,0.6,0.6,V6
CJ1040341192,intermittent,croston,croston,0.0268,0.0268,0.16,0.16,V6
CJ1040341197,intermittent,croston,croston,0.0577,0.0577,0.27,0.27,V6.1
CJ1040341198,seasonal,seasonal_naive,seasonal_naive,1.2121,1.2121,4.0,4.0,V6
CJ1040341204,all_zero,ma_5,ma_5,0.0,0.0,0.0,0.0,持平
CJ1040341208,intermittent,winsorized,winsorized,0.025,0.025,0.12,0.12,V6.1
CJ1040341215,trending,theta,theta,1.4708,1.4708,5.74,5.74,V6.1
CJ1040341218,intermittent,adida,adida,0.0047,0.0047,0.02,0.02,V6.1
CJ1040341223,intermittent,ma_5,ma_5,0.0,0.0,0.0,0.0,持平
CJ1040341230,seasonal,ma_3,ma_3,0.0901,0.0901,0.33,0.33,V6.1
CJ1040341234,seasonal,theta,theta,0.3336,0.3336,1.17,1.17,V6.1
CJ1040341243,trending,naive_drift,naive_drift,0.0,0.0,0.0,0.0,持平
CJ1040341246,intermittent,croston,croston,0.163,0.163,0.55,0.55,V6
CJ1040341247,intermittent,ma_5,ma_5,0.0,0.0,0.0,0.0,持平
CJ1040341251,lumpy,weighted_ma_5,weighted_ma_5,0.0,0.0,0.0,0.0,持平
CJ1040341254,intermittent,croston,croston,0.0104,0.0104,0.02,0.02,V6.1
CJ1040341258,trending,theta,theta,0.4514,0.4514,2.39,2.39,V6
CJ1040341262,stable,ma_3,ma_3,0.0448,0.0448,1.0,1.0,V6
CJ1040341263,seasonal,seasonal_naive,seasonal_naive,1.6418,1.6418,11.0,11.0,V6.1
CJ1040341270,intermittent,interval_based,interval_based,0.1725,0.1725,1.09,1.09,V6
CJ1040341287,intermittent,croston,croston,0.0614,0.0614,0.12,0.12,V6
CJ1040341291,stable,optimized_des,optimized_des,0.538,0.538,7.16,7.16,V6
CJ1040341292,intermittent,adida,adida,0.026,0.026,0.04,0.04,V6
CJ1040341295,seasonal,theta,theta,0.0,0.0,0.0,0.0,持平
CJ1040341299,seasonal,damped_trend,damped_trend,0.226,0.226,2.85,2.85,V6.1
CJ1040341307,intermittent,croston,croston,0.3185,0.3185,1.46,1.46,V6.1
CJ1040341325,intermittent,croston,croston,0.0442,0.0442,0.15,0.15,V6
CJ1040341332,intermittent,ma_5,ma_5,0.0,0.0,0.0,0.0,持平
CJ1040341380,seasonal,ma_3,ma_3,0.1587,0.1587,0.33,0.33,V6
CJ1040341397,stable,optimized_hw,optimized_hw,0.112,0.112,1.42,1.42,V6
CJ1040341398,stable,ma_5,ma_5,0.0,0.0,0.0,0.0,持平
CJ1040341399,intermittent,ma_5,ma_5,0.0,0.0,0.0,0.0,持平
CJ1040341404,seasonal,optimized_ses,optimized_ses,0.1095,0.1095,0.83,0.83,V6
CJ1040341459,stable,naive_drift,naive_drift,0.1118,0.1118,3.6,3.6,V6
CJ1040341460,intermittent,sba,sba,0.1299,0.1299,1.29,1.29,V6
CJ1040341526,stable,optimized_des,optimized_des,0.0018,0.0018,0.02,0.02,V6
CJ1040341536,intermittent,winsorized,winsorized,0.625,0.625,1.12,1.12,持平
CJ1040341538,stable,seasonal_naive,seasonal_naive,0.1095,0.1095,3.0,3.0,V6.1
CJ1040341628,stable,seasonal_naive,seasonal_naive,0.4762,0.4762,2.0,2.0,V6.1
CJ1040760105,intermittent,ma_3,ma_3,0.2196,0.2196,37.33,37.33,V6
CJ1040760108,intermittent,interval_based,interval_based,0.7754,0.7754,22.88,22.88,V6
CJ1040760154,intermittent,winsorized,winsorized,1.3889,1.3889,2.5,2.5,V6.1
CJ1040760172,intermittent,winsorized,winsorized,0.1106,0.1106,12.62,12.62,V6.1
CJ1111051073,lumpy,croston,croston,0.3511,0.3511,37.36,37.36,V6
CJ1111051075,intermittent,theta,theta,0.0723,0.0723,8.53,8.53,V6.1
CJ1111051123,intermittent,theta,theta,0.0556,0.0556,1.57,1.57,V6
CJ1111051141,lumpy,winsorized,winsorized,0.0382,0.0382,5.75,5.75,V6.1
CJ1111051217,seasonal,median_5,median_5,0.0,0.0,0.0,0.0,持平
CJ1111051221,seasonal,theta,theta,0.2,0.2,10.0,10.0,持平
CJ1111051228,intermittent,adida,adida,0.8828,0.8828,57.29,57.29,V6.1
CJ1111100030,intermittent,median_5,median_5,0.0,0.0,0.0,0.0,持平
CJ1111220109,seasonal,theta,theta,0.2966,0.2966,20.64,20.64,V6
CJ1111220110,intermittent,theta,theta,0.1679,0.1679,5.81,5.81,V6
CJ1212030698,intermittent,weighted_ma_5,weighted_ma_5,0.0623,0.0623,6.67,6.67,V6
CJ1212030818,sparse,winsorized,winsorized,0.0085,0.0085,0.62,0.62,V6.1
CJ1212031226,seasonal,optimized_hw,optimized_hw,0.1454,0.1454,3.2,3.2,V6
CJ1212031361,intermittent,tsb_opt,tsb_opt,0.0107,0.0107,0.42,0.42,V6.1
CJ1212031372,intermittent,adida,adida,0.4005,0.4005,10.41,10.41,V6.1
CJ1212031378,intermittent,sba,sba,0.668,0.668,33.53,33.53,V6
CJ1212031399,intermittent,interval_based,interval_based,0.021,0.021,1.97,1.97,V6
CJ1212031529,sparse,tsb_opt,tsb_opt,0.0349,0.0349,1.53,1.53,V6.1
CJ1212031552,intermittent,sba,sba,0.217,0.217,8.42,8.42,V6.1
CJ1212031895,lumpy,ma_5,ma_5,0.1429,0.1429,5.0,5.0,V6.1
CJ1212031913,seasonal,seasonal_naive,seasonal_naive,0.0,0.0,0.0,0.0,持平
CJ1212031940,sparse,median_5,median_5,0.0,0.0,0.0,0.0,持平
CJ1212031949,intermittent,winsorized,winsorized,0.0402,0.0402,1.38,1.38,V6
CJ1212031968,intermittent,winsorized,winsorized,0.0543,0.0543,1.25,1.25,V6
CJ1212031981,intermittent,median_5,median_5,0.0,0.0,0.0,0.0,持平
CJ1212031988,seasonal,optimized_ses,optimized_ses,0.0174,0.0174,0.48,0.48,V6.1
CJ1212031995,intermittent,median_5,median_5,0.0741,0.0741,5.0,5.0,V6.1
CJ1212031997,sparse,tsb_opt,tsb_opt,0.3212,0.3212,12.91,12.91,V6.1
CJ1212032036,trending,theta,theta,0.0018,0.0018,0.72,0.72,V6.1
CJ1212032040,sparse,ma_5,ma_5,0.0,0.0,0.0,0.0,持平
CJ1212032064,intermittent,median_5,median_5,0.0619,0.0619,2.0,2.0,V6
CJ1212032078,erratic,tsb_opt,tsb_opt,0.1548,0.1548,26.56,26.56,V6.1
CJ1212032086,trending,seasonal_naive,seasonal_naive,0.2791,0.2791,12.0,12.0,V6.1
CJ1212032088,intermittent,median_5,median_5,0.0,0.0,0.0,0.0,持平
CJ1212032097,sparse,tsb_opt,tsb_opt,0.0707,0.0707,1.5,1.5,V6
CJ1212032104,stable,theta,theta,0.0128,0.0128,1.56,1.56,V6.1
CJ1212032149,sparse,sba,sba,0.1183,0.1183,6.08,6.08,V6
CJ1212032194,intermittent,ma_5,ma_5,0.0,0.0,0.0,0.0,持平
CJ1212032201,sparse,tsb_opt,tsb_opt,0.0584,0.0584,1.17,1.17,V6.1
CJ1212032203,all_zero,ma_5,ma_5,0.0,0.0,0.0,0.0,持平
CJ1212032216,erratic,tsb_opt,tsb_opt,0.0039,0.0039,0.5,0.5,V6
CJ1212032235,intermittent,weighted_ma_5,weighted_ma_5,0.0156,0.0156,0.33,0.33,V6
CJ1212032238,seasonal,optimized_hw,optimized_hw,0.0041,0.0041,0.15,0.15,V6
CJ1212032250,intermittent,croston,croston,0.7095,0.7095,17.74,17.74,V6
CJ1212032251,intermittent,median_5,median_5,0.0,0.0,0.0,0.0,持平
CJ1212032263,sparse,ma_3,ma_3,0.0529,0.0529,3.33,3.33,V6
CJ1212032264,intermittent,winsorized,winsorized,0.188,0.188,5.0,5.0,V6.1
CJ1212032273,seasonal,ma_3,ma_3,0.0228,0.0228,3.33,3.33,V6.1
CJ1212032287,sparse,winsorized,winsorized,0.0381,0.0381,1.25,1.25,V6
CJ1212032291,seasonal,optimized_ses,optimized_ses,0.0031,0.0031,0.25,0.25,V6.1
CJ1212032307,seasonal,theta,theta,0.1809,0.1809,3.54,3.54,V6.1
CJ1212032371,sparse,winsorized,winsorized,0.0415,0.0415,1.06,1.06,V6
CJ1212032376,intermittent,median_5,median_5,0.1071,0.1071,10.0,10.0,V6.1
CJ1212032399,sparse,ma_5,ma_5,0.0,0.0,0.0,0.0,持平
CJ1212032417,intermittent,tsb_opt,tsb_opt,0.0092,0.0092,1.04,1.04,V6
CJ1212032425,intermittent,naive_drift,naive_drift,0.0,0.0,0.0,0.0,持平
CJ1212032426,sparse,median_5,median_5,0.0,0.0,0.0,0.0,持平
CJ1212032428,sparse,median_5,median_5,0.0,0.0,0.0,0.0,持平
CJ1212032436,sparse,winsorized,winsorized,0.0121,0.0121,0.31,0.31,V6
CJ1212032443,all_zero,ma_5,ma_5,0.0,0.0,0.0,0.0,持平
CJ1212032444,intermittent,interval_based,interval_based,0.2356,0.2356,8.39,8.39,V6
CJ1212032446,intermittent,tsb_opt,tsb_opt,0.126,0.126,4.29,4.29,V6
CJ1212032449,seasonal,seasonal_naive,seasonal_naive,0.0856,0.0856,5.0,5.0,V6
CJ1212032452,intermittent,tsb_opt,tsb_opt,0.0709,0.0709,5.92,5.92,V6
CJ1212032501,seasonal,seasonal_naive,seasonal_naive,0.0,0.0,0.0,0.0,持平
CJ1212032503,seasonal,damped_trend,damped_trend,0.1712,0.1712,9.89,9.89,V6.1
CJ1212032515,sparse,median_5,median_5,0.0,0.0,0.0,0.0,持平
CJ1212032521,stable,interval_based,interval_based,0.0046,0.0046,0.8,0.8,V6.1
CJ1212032523,intermittent,adida,adida,0.0718,0.0718,3.0,3.0,V6.1
CJ1212032536,seasonal,seasonal_naive,seasonal_naive,0.0,0.0,0.0,0.0,持平
CJ1212032538,seasonal,ma_3,ma_3,0.0292,0.0292,1.67,1.67,V6
CJ1212032548,intermittent,median_5,median_5,0.0917,0.0917,2.0,2.0,V6
CJ1212032576,intermittent,tsb_opt,tsb_opt,0.0973,0.0973,2.61,2.61,V6.1
CJ1212032581,sparse,median_5,median_5,0.0,0.0,0.0,0.0,持平
CJ1212032597,intermittent,weighted_ma_5,weighted_ma_5,0.0751,0.0751,1.67,1.67,V6.1
CJ1212032615,lumpy,winsorized,winsorized,0.0233,0.0233,0.63,0.63,V6
CJ1212032672,lumpy,weighted_ma_5,weighted_ma_5,0.0125,0.0125,0.33,0.33,V6
CJ1212032684,intermittent,median_5,median_5,0.0,0.0,0.0,0.0,持平
CJ1212032708,sparse,median_5,median_5,0.0,0.0,0.0,0.0,持平
CJ1212032722,intermittent,winsorized,winsorized,0.1851,0.1851,15.62,15.62,V6
CJ1212032727,sparse,tsb_opt,tsb_opt,0.0187,0.0187,0.52,0.52,V6
CJ1212032728,intermittent,winsorized,winsorized,0.5733,0.5733,69.38,69.38,V6
CJ1212032729,intermittent,weighted_ma_5,weighted_ma_5,0.1042,0.1042,13.33,13.33,V6
CJ1212032799,seasonal,seasonal_naive,seasonal_naive,0.0,0.0,0.0,0.0,持平
CJ1212032943,lumpy,winsorized,winsorized,0.0,0.0,0.0,0.0,持平
CJ1212032946,seasonal,ma_3,ma_3,0.0762,0.0762,3.67,3.67,V6
CJ1212032958,lumpy,median_5,median_5,0.1742,0.1742,20.0,20.0,V6
CJ1212032959,lumpy,tsb_opt,tsb_opt,1.2454,1.2454,41.1,41.1,V6
CJ1212032972,intermittent,median_5,median_5,0.0,0.0,0.0,0.0,持平
CJ1212033035,intermittent,median_5,median_5,0.0951,0.0951,5.0,5.0,V6.1
CJ1212033036,all_zero,ma_5,ma_5,0.0,0.0,0.0,0.0,持平
CJ1212033042,intermittent,weighted_ma_5,weighted_ma_5,0.1418,0.1418,13.33,13.33,V6
CJ1212033079,all_zero,optimized_ses,optimized_ses,0.2039,0.2039,9.99,9.99,V6
CJ1212033089,seasonal,seasonal_naive,seasonal_naive,0.0,0.0,0.0,0.0,持平
CJ1212033111,stable,ma_7,ma_7,0.6562,0.6562,142.86,142.86,V6
CJ1212033182,seasonal,optimized_des,optimized_des,0.0,0.0,0.0,0.0,持平
CJ1212033334,stable,holt_winters,holt_winters,0.0067,0.0067,1.2,1.2,V6.1
CJ1212033343,intermittent,croston,croston,0.0275,0.0275,1.16,1.16,V6
CJ1212033395,intermittent,ma_5,ma_5,0.1951,0.1951,8.0,8.0,V6
CJ1212033409,intermittent,interval_based,interval_based,0.1705,0.1705,59.2,59.2,V6.1
CJ1212033435,stable,theta,theta,0.0204,0.0204,3.25,3.25,V6.1
CJ1212033462,intermittent,optimized_ses,optimized_ses,0.0219,0.0219,2.72,2.72,V6
CJ1212033463,intermittent,sba,sba,0.7275,0.7275,40.74,40.74,V6.1
CJ1212033622,all_zero,median_5,median_5,0.0,0.0,0.0,0.0,持平
CJ1212033765,intermittent,interval_based,interval_based,1.0582,1.0582,26.03,26.03,V6.1
CJ1212033786,sparse,ma_3,ma_3,0.098,0.098,1.67,1.67,V6
CJ1212033790,intermittent,optimized_ses,optimized_ses,0.1098,0.1098,3.8,3.8,V6.1
CJ1212033791,intermittent,adida,adida,0.024,0.024,0.88,0.88,V6.1
CJ1212033792,erratic,winsorized,winsorized,0.2011,0.2011,25.0,25.0,V6
CJ1212033793,seasonal,theta,theta,0.2164,0.2164,50.19,50.19,V6.1
CJ1212033794,intermittent,interval_based,interval_based,0.0,0.0,0.0,0.0,持平
CJ1212033795,intermittent,adida,adida,0.7791,0.7791,26.18,26.18,V6.1
CJ1212033813,stable,theta,theta,0.166,0.166,23.84,23.84,V6
CJ1212033818,intermittent,tsb_opt,tsb_opt,0.019,0.019,0.8,0.8,V6.1
CJ1212033820,seasonal,seasonal_naive,seasonal_naive,0.2381,0.2381,13.0,13.0,V6.1
CJ1212033827,intermittent,ma_5,ma_5,0.0758,0.0758,1.0,1.0,V6.1
CJ1212033858,seasonal,median_5,median_5,0.0,0.0,0.0,0.0,持平
CJ1212033861,seasonal,theta,theta,0.8827,0.8827,332.23,332.23,V6.1
CJ1212033873,lumpy,winsorized,winsorized,0.0844,0.0844,9.62,9.62,V6
CJ1212033936,sparse,tsb_opt,tsb_opt,0.1385,0.1385,2.13,2.13,V6.1
CJ1212033963,lumpy,ma_5,ma_5,0.4545,0.4545,60.0,60.0,V6
CJ1212033968,intermittent,ma_3,ma_3,0.0,0.0,0.0,0.0,持平
CJ1212033974,lumpy,median_5,median_5,0.0,0.0,0.0,0.0,持平
CJ1212033977,intermittent,interval_based,interval_based,0.0238,0.0238,0.67,0.67,V6
CJ1212034103,intermittent,sba,sba,0.1027,0.1027,4.87,4.87,V6
CJ1212034109,intermittent,sba,sba,0.0074,0.0074,0.3,0.3,V6.1
CJ1212034140,intermittent,median_5,median_5,0.0,0.0,0.0,0.0,持平
CJ1212034141,lumpy,median_5,median_5,0.0,0.0,0.0,0.0,持平
CJ1212034152,intermittent,median_5,median_5,0.0,0.0,0.0,0.0,持平
CJ1212034176,intermittent,weighted_ma_5,weighted_ma_5,0.0429,0.0429,2.33,2.33,V6.1
CJ1212034193,sparse,ma_3,ma_3,0.7752,0.7752,20.0,20.0,V6.1
CJ1212034223,seasonal,optimized_ses,optimized_ses,0.0072,0.0072,2.26,2.26,V6
CJ1212034266,trending,naive_drift,naive_drift,0.0,0.0,0.0,0.0,持平
CJ1212034275,stable,damped_trend,damped_trend,0.0539,0.0539,30.6,30.6,V6.1
CJ1212034276,intermittent,adida,adida,0.0199,0.0199,2.5,2.5,V6
CJ1212034277,seasonal,damped_trend,damped_trend,0.0812,0.0812,18.75,18.75,V6.1
CJ1212034278,seasonal,holt_winters,holt_winters,0.0,0.0,0.0,0.0,持平
CJ1212034279,stable,theta,theta,0.0605,0.0605,21.01,21.01,V6.1
CJ1212034282,sparse,median_5,median_5,0.0,0.0,0.0,0.0,持平
CJ1212034284,intermittent,winsorized,winsorized,0.1042,0.1042,6.25,6.25,V6.1
CJ1212034302,seasonal,seasonal_naive,seasonal_naive,0.8197,0.8197,25.0,25.0,V6.1
CJ1212034303,stable,weighted_ma_5,weighted_ma_5,0.0382,0.0382,28.33,28.33,V6
CJ1212034328,stable,ma_7,ma_7,0.0192,0.0192,2.0,2.0,V6.1
CJ1212034348,intermittent,tsb_opt,tsb_opt,0.0085,0.0085,0.23,0.23,V6.1
CJ1212034443,seasonal,optimized_hw,optimized_hw,0.0729,0.0729,1.47,1.47,V6.1
CJ1212034464,intermittent,weighted_ma_5,weighted_ma_5,0.0712,0.0712,1.67,1.67,V6
CJ1212034485,trending,ma_5,ma_5,0.0,0.0,0.0,0.0,持平
CJ1212034672,intermittent,tsb_opt,tsb_opt,0.0006,0.0006,0.01,0.01,V6
CJ1212034674,intermittent,median_5,median_5,0.0,0.0,0.0,0.0,持平
CJ1212034703,lumpy,sba,sba,0.0102,0.0102,0.27,0.27,V6
CJ1212034709,lumpy,croston,croston,0.0454,0.0454,1.16,1.16,V6
CJ1212034718,lumpy,weighted_ma_5,weighted_ma_5,0.0324,0.0324,0.67,0.67,V6.1
CJ1212034772,intermittent,sba,sba,0.2638,0.2638,12.66,12.66,V6.1
CJ1212034797,intermittent,adida,adida,0.0341,0.0341,0.8,0.8,V6.1
CJ1212034804,trending,optimized_hw,optimized_hw,0.0901,0.0901,15.14,15.14,V6.1
CJ1212060185,intermittent,adida,adida,0.0919,0.0919,1.47,1.47,V6
CJ1212060288,all_zero,median_5,median_5,0.0,0.0,0.0,0.0,持平
CJ1212060318,intermittent,median_5,median_5,0.0,0.0,0.0,0.0,持平
CJ2070550057,seasonal,seasonal_naive,seasonal_naive,0.1979,0.1979,17.0,17.0,V6
CJ2070550064,stable,interval_based,interval_based,0.7763,0.7763,226.53,226.53,V6
CJ2070550069,intermittent,median_5,median_5,0.0,0.0,0.0,0.0,持平
CJ2070550077,intermittent,ma_5,ma_5,0.0,0.0,0.0,0.0,持平
CJ2121020027,intermittent,ma_5,ma_5,0.0,0.0,0.0,0.0,持平
CJ2121020032,intermittent,winsorized,winsorized,0.288,0.288,283.75,283.75,V6
CJ2121040300,stable,ma_7,ma_7,0.0169,0.0169,142.86,142.86,V6.1
CJ2121040457,stable,weighted_ma_5,weighted_ma_5,0.0,0.0,0.0,0.0,持平
CJ2121041464,seasonal,ma_5,ma_5,0.0,0.0,0.0,0.0,持平
CJ2121041586,seasonal,optimized_hw,optimized_hw,0.0466,0.0466,23.3,23.3,V6.1
CJ2121050051,intermittent,optimized_ses,optimized_ses,0.0242,0.0242,1.5,1.5,V6.1
CJ2121050251,intermittent,interval_based,interval_based,0.0038,0.0038,0.36,0.36,V6.1
CJ2121050358,intermittent,median_5,median_5,0.0,0.0,0.0,0.0,持平
CJ2121050359,intermittent,croston,croston,0.1185,0.1185,13.27,13.27,V6
CJ2121050500,seasonal,theta,theta,0.1028,0.1028,18.71,18.71,V6
CJ2121050514,seasonal,ma_3,ma_3,0.2875,0.2875,86.67,86.67,V6
CJ2121050565,seasonal,theta,theta,0.0,0.0,0.0,0.0,持平
CJ2121050605,intermittent,ma_5,ma_5,0.0,0.0,0.0,0.0,持平
CJ2121050621,seasonal,optimized_des,optimized_des,0.0,0.0,0.0,0.0,持平
CJ2121050630,seasonal,optimized_ses,optimized_ses,0.067,0.067,10.12,10.12,V6
CJ2121050631,seasonal,weighted_ma_5,weighted_ma_5,0.1754,0.1754,10.0,10.0,V6
CJ2121050635,seasonal,optimized_des,optimized_des,0.1137,0.1137,29.57,29.57,V6
CJ2121050642,intermittent,ma_5,ma_5,0.0,0.0,0.0,0.0,持平
CJ2121050645,intermittent,theta,theta,0.0014,0.0014,0.36,0.36,V6.1
CJ2121050654,stable,theta,theta,0.0398,0.0398,14.0,14.0,V6
CJ2121050678,seasonal,ma_5,ma_5,0.0,0.0,0.0,0.0,持平
CJ2121050685,stable,naive_drift,naive_drift,0.1022,0.1022,111.0,111.0,V6
CJ2121050705,intermittent,ma_3,ma_3,0.1515,0.1515,10.0,10.0,V6
CJ2121050720,intermittent,adida,adida,0.074,0.074,11.08,11.08,V6.1
CJ2121060387,stable,optimized_des,optimized_des,0.0348,0.0348,9.61,9.61,V6
CJ2121060433,intermittent,median_5,median_5,0.0,0.0,0.0,0.0,持平
CJ2121060465,seasonal,optimized_des,optimized_des,0.0,0.0,0.0,0.0,持平
CJ2121080021,seasonal,seasonal_naive,seasonal_naive,0.0789,0.0789,300.0,300.0,V6
CJ2121080094,intermittent,naive_drift,naive_drift,0.0037,0.0037,5.0,5.0,V6
CJ2121080680,intermittent,optimized_ses,optimized_ses,0.0713,0.0713,12.83,12.83,V6.1
CJ2121080953,intermittent,ma_3,ma_3,0.0499,0.0499,166.67,166.67,V6
CJ2121081227,seasonal,ma_5,ma_5,0.0,0.0,0.0,0.0,持平
CJ2121090013,seasonal,optimized_hw,optimized_hw,0.047,0.047,112.42,112.42,V6
CJ2121090050,stable,holt_winters,holt_winters,0.1481,0.1481,217.75,217.75,V6
CJ2121090635,intermittent,winsorized,winsorized,0.4911,0.4911,68.75,68.75,V6.1
CJ2121090901,seasonal,damped_trend,damped_trend,0.0173,0.0173,66.05,66.05,V6.1
CJ2121091171,intermittent,tsb_opt,tsb_opt,0.0259,0.0259,12.43,12.43,V6.1
CJ2122140016,stable,weighted_ma_5,weighted_ma_5,0.0,0.0,0.0,0.0,持平
CJ2222120092,sparse,ma_5,ma_5,0.6801,0.6801,37.0,37.0,V6
CJ2222120130,lumpy,naive_drift,naive_drift,0.7642,0.7642,94.0,94.0,V6
CJ2222120135,trending,optimized_des,optimized_des,0.0496,0.0496,2.83,2.83,V6.1
CJ2222120138,seasonal,seasonal_naive,seasonal_naive,0.292,0.292,8.0,8.0,V6.1
CJ2222120174,intermittent,adida,adida,0.7424,0.7424,34.0,34.0,V6.1
CJ2222120177,intermittent,winsorized,winsorized,0.0571,0.0571,2.5,2.5,V6.1
CJ2222120204,sparse,weighted_ma_5,weighted_ma_5,0.1897,0.1897,2.33,2.33,V6
CJ2222130377,stable,ma_3,ma_3,0.0189,0.0189,38.0,38.0,V6
CJ2222130415,sparse,median_5,median_5,0.0,0.0,0.0,0.0,持平
CJ2222130416,trending,optimized_des,optimized_des,0.0,0.0,0.0,0.0,持平
CJ2222130522,intermittent,winsorized,winsorized,0.0241,0.0241,3.12,3.12,V6.1
CJ2222130718,intermittent,ma_5,ma_5,0.0,0.0,0.0,0.0,持平
CJ2222130724,seasonal,ma_5,ma_5,0.0,0.0,0.0,0.0,持平
CJ2222130794,intermittent,ma_5,ma_5,0.0,0.0,0.0,0.0,持平
CJ2222130798,trending,seasonal_naive,seasonal_naive,0.1235,0.1235,50.0,50.0,V6.1
CJ2222140077,intermittent,winsorized,winsorized,0.0223,0.0223,6.25,6.25,V6
CJ2222140171,intermittent,adida,adida,0.0118,0.0118,6.86,6.86,V6
CJ2222200062,seasonal,optimized_des,optimized_des,0.0,0.0,0.0,0.0,持平
CJ2222200075,intermittent,theta,theta,0.0118,0.0118,19.51,19.51,V6
CJ2222200215,intermittent,tsb_opt,tsb_opt,0.094,0.094,13.63,13.63,V6
CJ2222280036,intermittent,ma_3,ma_3,0.2712,0.2712,66.67,66.67,V6
CJ2222280037,intermittent,interval_based,interval_based,0.065,0.065,10.0,10.0,V6
CJ2222280038,trending,holt_winters,holt_winters,0.6104,0.6104,171.66,171.66,V6
CJ2222280039,seasonal,holt_winters,holt_winters,0.6501,0.6501,183.73,183.73,V6
CJ2222280040,intermittent,ma_3,ma_3,0.0465,0.0465,6.67,6.67,V6.1
CJ2222280041,intermittent,ma_3,ma_3,0.4153,0.4153,148.67,148.67,V6.1
CJ2222280042,intermittent,interval_based,interval_based,0.2654,0.2654,47.9,47.9,V6.1
CJ2222280048,seasonal,median_5,median_5,0.0,0.0,0.0,0.0,持平
CJ2222280049,seasonal,optimized_ses,optimized_ses,0.0213,0.0213,2.39,2.39,V6
CJ2222280067,all_zero,ma_5,ma_5,0.2381,0.2381,2.0,2.0,V6.1
CJ2222280080,intermittent,ma_5,ma_5,0.0126,0.0126,1.0,1.0,V6
CJ2222280081,intermittent,ma_5,ma_5,0.0126,0.0126,1.0,1.0,V6
CJ2222280084,intermittent,tsb_opt,tsb_opt,0.106,0.106,15.28,15.28,V6.1
CJ2222280085,intermittent,tsb_opt,tsb_opt,0.106,0.106,15.28,15.28,V6.1
CJ2222280086,intermittent,tsb_opt,tsb_opt,0.106,0.106,15.28,15.28,V6.1
CJ2222280087,intermittent,ma_5,ma_5,0.0126,0.0126,1.0,1.0,V6.1
CJ4040030089,sparse,weighted_ma_5,weighted_ma_5,0.101,0.101,0.33,0.33,V6
CJ4040090319,seasonal,holt_winters,holt_winters,0.0629,0.0629,5.79,5.79,V6
CJ4040090320,seasonal,optimized_hw,optimized_hw,0.0845,0.0845,7.69,7.69,V6
CJ4040090397,seasonal,theta,theta,0.2068,0.2068,9.14,9.14,V6.1
CJ4040090398,seasonal,theta,theta,0.1613,0.1613,7.19,7.19,V6.1
CJ4040090417,seasonal,median_5,median_5,0.0,0.0,0.0,0.0,持平
CJ4040090418,seasonal,optimized_ses,optimized_ses,0.1617,0.1617,4.74,4.74,V6.1
CJ4040090419,intermittent,theta,theta,0.0913,0.0913,0.82,0.82,V6.1
CJ4040090420,lumpy,theta,theta,0.6204,0.6204,5.46,5.46,V6.1
CJ4040090427,stable,holt_winters,holt_winters,0.0346,0.0346,0.94,0.94,V6.1
CJ4040090428,stable,holt_winters,holt_winters,0.0236,0.0236,0.64,0.64,V6
CJ4040090433,lumpy,croston,croston,0.0043,0.0043,0.1,0.1,V6
CJ4040090434,lumpy,croston,croston,0.0135,0.0135,0.35,0.35,V6
CJ4040090435,lumpy,winsorized,winsorized,0.108,0.108,4.75,4.75,V6.1
CJ4040090436,lumpy,winsorized,winsorized,0.108,0.108,4.75,4.75,V6.1
CJ4040090439,intermittent,optimized_ses,optimized_ses,0.0784,0.0784,0.2,0.2,V6
CJ4040090440,intermittent,adida,adida,0.0769,0.0769,0.2,0.2,V6
CJ4040090459,lumpy,ma_3,ma_3,0.3922,0.3922,6.67,6.67,V6.1
CJ4040090460,seasonal,holt_winters,holt_winters,0.0051,0.0051,0.09,0.09,V6
CJ4040090467,intermittent,croston,croston,1.0171,1.0171,3.05,3.05,V6.1
CJ4040090468,intermittent,croston,croston,1.0171,1.0171,3.05,3.05,V6.1
CJ4040190307,all_zero,ma_5,ma_5,0.0,0.0,0.0,0.0,持平
CJ4040190308,all_zero,ma_5,ma_5,0.0,0.0,0.0,0.0,持平
CJ4040190309,all_zero,ma_5,ma_5,0.0,0.0,0.0,0.0,持平
CJ4040190310,all_zero,ma_5,ma_5,0.0,0.0,0.0,0.0,持平
CJ4040190311,sparse,median_5,median_5,0.0,0.0,0.0,0.0,持平
CJ4040190377,intermittent,optimized_ses,optimized_ses,0.0529,0.0529,0.15,0.15,V6
CJ4040200656,trending,ma_5,ma_5,0.0,0.0,0.0,0.0,持平
CJ4040500080,intermittent,median_5,median_5,0.0,0.0,0.0,0.0,持平
CJ4040500162,seasonal,median_5,median_5,0.0,0.0,0.0,0.0,持平
CJ4040500163,intermittent,median_5,median_5,0.1359,0.1359,500.0,500.0,V6.1
CJ4040500178,seasonal,ma_5,ma_5,0.0,0.0,0.0,0.0,持平
CJ4040500180,intermittent,theta,theta,0.0722,0.0722,23.84,23.84,V6
CJ4040500205,seasonal,theta,theta,0.115,0.115,314.05,314.05,V6
CJ4040560322,trending,ma_3,ma_3,0.0,0.0,0.0,0.0,持平
CJ4040560323,trending,ma_3,ma_3,0.303,0.303,1.0,1.0,V6
CJ4040880026,trending,seasonal_naive,seasonal_naive,1.0909,1.0909,12.0,12.0,V6
CJ4040880027,seasonal,optimized_ses,optimized_ses,0.2462,0.2462,4.33,4.33,V6
CJ4040880028,trending,seasonal_naive,seasonal_naive,1.0909,1.0909,12.0,12.0,V6
CJ4141010124,intermittent,median_5,median_5,0.0,0.0,0.0,0.0,持平
CJ4141010125,sparse,median_5,median_5,0.0,0.0,0.0,0.0,持平
CJ4141010126,sparse,median_5,median_5,0.0,0.0,0.0,0.0,持平
CJ4141070086,all_zero,ma_5,ma_5,0.0,0.0,0.0,0.0,持平
CJ4141070101,intermittent,weighted_ma_5,weighted_ma_5,0.0063,0.0063,0.67,0.67,V6
CJ4141100494,seasonal,seasonal_naive,seasonal_naive,0.0826,0.0826,1.0,1.0,V6
CJ4141100498,intermittent,median_5,median_5,0.0,0.0,0.0,0.0,持平
CJ4141100502,intermittent,median_5,median_5,0.0,0.0,0.0,0.0,持平
CJ4141110017,intermittent,winsorized,winsorized,0.041,0.041,0.5,0.5,V6.1
CJ4141120416,seasonal,theta,theta,0.0,0.0,0.0,0.0,持平
CJ4141150756,intermittent,sba,sba,0.0684,0.0684,2.57,2.57,V6.1
CJ4141150757,intermittent,sba,sba,0.1106,0.1106,5.42,5.42,V6.1
CJ4141150758,intermittent,adida,adida,0.4737,0.4737,25.2,25.2,V6.1
CJ4141150833,intermittent,winsorized,winsorized,0.019,0.019,4.88,4.88,V6.1
CJ4141150840,intermittent,adida,adida,0.1156,0.1156,21.12,21.12,V6.1
CJ4141150866,sparse,croston,croston,0.1717,0.1717,0.79,0.79,V6
CJ4141150881,intermittent,adida,adida,0.7379,0.7379,13.73,13.73,V6
CJ4141150900,all_zero,ma_5,ma_5,0.0,0.0,0.0,0.0,持平
CJ4141150905,trending,damped_trend,damped_trend,0.0432,0.0432,0.3,0.3,V6.1
CJ4141150910,intermittent,weighted_ma_5,weighted_ma_5,0.1786,0.1786,1.0,1.0,V6.1
CJ4141150911,seasonal,optimized_hw,optimized_hw,0.0479,0.0479,0.23,0.23,V6
CJ4141150914,intermittent,ma_5,ma_5,0.0,0.0,0.0,0.0,持平
CJ4141150920,lumpy,winsorized,winsorized,0.0,0.0,0.0,0.0,持平
CJ4141150948,intermittent,adida,adida,0.4588,0.4588,36.56,36.56,V6.1
CJ4141150986,intermittent,median_5,median_5,0.0,0.0,0.0,0.0,持平
CJ4141150987,all_zero,ma_5,ma_5,0.0,0.0,0.0,0.0,持平
CJ4141150988,seasonal,ma_3,ma_3,0.2688,0.2688,1.67,1.67,V6
CJ4141150992,intermittent,theta,theta,0.1251,0.1251,0.78,0.78,V6
CJ4141150995,sparse,median_5,median_5,0.0,0.0,0.0,0.0,持平
CJ4141150997,intermittent,median_5,median_5,0.0,0.0,0.0,0.0,持平
CJ4141150998,all_zero,optimized_ses,optimized_ses,10.2901,10.2901,34.99,34.99,V6.1
CJ4141151001,intermittent,median_5,median_5,0.0,0.0,0.0,0.0,持平
CJ4141151004,seasonal,median_5,median_5,0.0,0.0,0.0,0.0,持平
CJ4141151007,intermittent,weighted_ma_5,weighted_ma_5,0.4065,0.4065,6.67,6.67,V6
CJ4141151008,intermittent,optimized_ses,optimized_ses,0.0465,0.0465,0.61,0.61,V6.1
CJ4141151013,seasonal,theta,theta,0.0361,0.0361,0.39,0.39,V6.1
CJ4141151026,lumpy,adida,adida,0.2353,0.2353,1.6,1.6,V6.1
CJ4141151028,intermittent,theta,theta,2.0475,2.0475,3.28,3.28,V6.1
CJ4141151029,lumpy,interval_based,interval_based,0.4733,0.4733,5.11,5.11,V6.1
CJ4141180013,all_zero,ma_5,ma_5,0.0,0.0,0.0,0.0,持平
CJ4141200252,intermittent,weighted_ma_5,weighted_ma_5,0.0725,0.0725,3.33,3.33,V6.1
CJ4141230015,intermittent,theta,theta,0.0675,0.0675,7.15,7.15,V6.1
CJ4141240143,seasonal,holt_winters,holt_winters,0.2366,0.2366,6.22,6.22,V6
CJ4141240147,lumpy,winsorized,winsorized,0.0,0.0,0.0,0.0,持平
CJ4141240148,seasonal,holt_winters,holt_winters,0.0,0.0,0.0,0.0,持平
CJ4141240149,lumpy,croston,croston,0.0543,0.0543,2.39,2.39,V6.1
CJ4141240173,intermittent,theta,theta,0.3332,0.3332,53.38,53.38,V6.1
CJ4141240179,intermittent,median_5,median_5,0.098,0.098,5.0,5.0,V6
CJ4141240183,trending,theta,theta,0.5685,0.5685,2.05,2.05,V6.1
CJ4141240199,seasonal,seasonal_naive,seasonal_naive,0.0922,0.0922,2.0,2.0,V6.1
CJ4141240205,intermittent,interval_based,interval_based,0.1852,0.1852,3.33,3.33,V6.1
CJ4141240210,intermittent,median_5,median_5,0.0,0.0,0.0,0.0,持平
CJ4141240228,intermittent,naive_drift,naive_drift,0.1151,0.1151,3.2,3.2,V6
CJ4141240229,intermittent,median_5,median_5,0.0,0.0,0.0,0.0,持平
CJ4141240232,intermittent,median_5,median_5,0.0,0.0,0.0,0.0,持平
CJ4141240233,intermittent,winsorized,winsorized,0.0,0.0,0.0,0.0,持平
CJ4141240236,all_zero,ma_5,ma_5,0.0,0.0,0.0,0.0,持平
CJ4141240237,intermittent,naive_drift,naive_drift,0.0,0.0,0.0,0.0,持平
CJ4141240239,seasonal,ma_3,ma_3,0.0958,0.0958,1.67,1.67,V6.1
CJ4141240241,seasonal,weighted_ma_5,weighted_ma_5,0.0565,0.0565,0.67,0.67,V6.1
CJ4141240244,intermittent,adida,adida,0.7917,0.7917,16.86,16.86,V6.1
CJ4141240245,all_zero,ma_5,ma_5,0.0,0.0,0.0,0.0,持平
CJ4141240246,intermittent,winsorized,winsorized,0.2232,0.2232,0.62,0.62,V6
CJ4141240248,seasonal,seasonal_naive,seasonal_naive,0.4787,0.4787,9.0,9.0,V6
CJ4141240250,seasonal,seasonal_naive,seasonal_naive,1.2658,1.2658,40.0,40.0,V6
CJ4141240252,intermittent,theta,theta,0.2348,0.2348,5.21,5.21,V6
CJ4141240256,lumpy,adida,adida,0.8599,0.8599,17.8,17.8,V6
CJ4141240257,trending,damped_trend,damped_trend,0.404,0.404,7.84,7.84,V6.1
CJ4141240259,intermittent,median_5,median_5,0.1639,0.1639,1.0,1.0,V6
CJ4141240260,intermittent,median_5,median_5,0.0,0.0,0.0,0.0,持平
CJ4141240261,intermittent,adida,adida,0.7172,0.7172,8.75,8.75,V6
CJ4141240262,intermittent,median_5,median_5,0.0,0.0,0.0,0.0,持平
CJ4141240264,stable,naive_drift,naive_drift,0.038,0.038,1.7,1.7,V6
CJ4141240265,seasonal,theta,theta,0.0018,0.0018,0.01,0.01,V6.1
CJ4141240266,trending,optimized_ses,optimized_ses,0.4315,0.4315,1.21,1.21,V6.1
CJ4141240268,intermittent,median_5,median_5,0.0,0.0,0.0,0.0,持平
CJ4141240271,seasonal,weighted_ma_5,weighted_ma_5,0.2008,0.2008,3.33,3.33,V6
CJ4141240272,intermittent,ma_5,ma_5,0.0,0.0,0.0,0.0,持平
CJ4141240273,seasonal,median_5,median_5,0.0,0.0,0.0,0.0,持平
CJ4141240278,intermittent,ma_3,ma_3,0.2778,0.2778,0.67,0.67,V6.1
CJ4141240279,intermittent,winsorized,winsorized,0.0375,0.0375,0.19,0.19,V6
CJ4141240282,sparse,interval_based,interval_based,0.1628,0.1628,0.47,0.47,V6
CJ4141240289,intermittent,median_5,median_5,0.0,0.0,0.0,0.0,持平
CJ4141240293,intermittent,median_5,median_5,1.2903,1.2903,4.0,4.0,V6
CJ4141260073,all_zero,ma_5,ma_5,0.0,0.0,0.0,0.0,持平
CJ4141260079,intermittent,theta,theta,0.0803,0.0803,4.02,4.02,V6
CJ4141260084,intermittent,median_5,median_5,0.0,0.0,0.0,0.0,持平
CJ4141260098,intermittent,adida,adida,0.2255,0.2255,4.96,4.96,V6.1
CJ4141360735,intermittent,median_5,median_5,0.0,0.0,0.0,0.0,持平
CJ4141410133,lumpy,ma_5,ma_5,0.0,0.0,0.0,0.0,持平
CJ4141410136,intermittent,median_5,median_5,0.0,0.0,0.0,0.0,持平
CJ4141410137,intermittent,median_5,median_5,0.393,0.393,29.0,29.0,V6.1
CJ4141410172,intermittent,tsb_opt,tsb_opt,0.0129,0.0129,3.35,3.35,V6
CJ4141410173,intermittent,winsorized,winsorized,0.0197,0.0197,5.0,5.0,V6.1
CJ4141410210,seasonal,seasonal_naive,seasonal_naive,0.202,0.202,20.0,20.0,V6
CJ4141410211,seasonal,theta,theta,0.0687,0.0687,4.74,4.74,V6
CJ4141640173,intermittent,interval_based,interval_based,0.1952,0.1952,14.35,14.35,V6
CJ4141670290,intermittent,median_5,median_5,0.0,0.0,0.0,0.0,持平
CJ4141670314,all_zero,ma_5,ma_5,0.0,0.0,0.0,0.0,持平
CJ4141670383,trending,ma_3,ma_3,0.194,0.194,198.33,198.33,V6
CJ4141670399,seasonal,optimized_des,optimized_des,0.0,0.0,0.0,0.0,持平
CJ4141670447,intermittent,median_5,median_5,0.0,0.0,0.0,0.0,持平
CJ4141670498,lumpy,adida,adida,0.0855,0.0855,23.04,23.04,V6
CJ4141670499,lumpy,weighted_ma_5,weighted_ma_5,0.0235,0.0235,13.33,13.33,V6.1
CJ4141670606,seasonal,holt_winters,holt_winters,0.0,0.0,0.0,0.0,持平
CJ4141670665,stable,optimized_des,optimized_des,0.1128,0.1128,1.13,1.13,V6
CJ4141670668,lumpy,naive_drift,naive_drift,0.0712,0.0712,19.0,19.0,V6.1
CJ4141670717,stable,optimized_ses,optimized_ses,0.0767,0.0767,42.95,42.95,V6
CJ4141670719,intermittent,ma_5,ma_5,0.0,0.0,0.0,0.0,持平
CJ4141670727,intermittent,croston,croston,0.4715,0.4715,16.98,16.98,V6
CJ4141670733,all_zero,ma_5,ma_5,0.0,0.0,0.0,0.0,持平
CJ4141670763,lumpy,median_5,median_5,0.0,0.0,0.0,0.0,持平
CJ4141670784,lumpy,ma_5,ma_5,0.0,0.0,0.0,0.0,持平
CJ4141670785,intermittent,ma_3,ma_3,0.1199,0.1199,3.33,3.33,V6
CJ4141670796,intermittent,interval_based,interval_based,0.0816,0.0816,0.17,0.17,V6
CJ4141670805,stable,ma_7,ma_7,0.0037,0.0037,0.86,0.86,V6.1
CJ4141670828,stable,ma_5,ma_5,0.0383,0.0383,9.0,9.0,V6
CJ4141670830,all_zero,ma_5,ma_5,0.0,0.0,0.0,0.0,持平
CJ4141670833,sparse,weighted_ma_5,weighted_ma_5,0.0,0.0,0.0,0.0,持平
CJ4141670837,intermittent,adida,adida,0.2188,0.2188,21.6,21.6,V6
CJ4141670850,intermittent,median_5,median_5,0.2051,0.2051,8.0,8.0,V6
CJ4141670852,intermittent,optimized_ses,optimized_ses,0.0245,0.0245,4.22,4.22,V6
CJ4141670853,intermittent,adida,adida,0.044,0.044,15.7,15.7,V6
CJ4141670864,intermittent,interval_based,interval_based,0.9098,0.9098,33.3,33.3,V6
CJ4141670865,intermittent,tsb_opt,tsb_opt,0.0559,0.0559,0.22,0.22,V6
CJ4141670866,intermittent,naive_drift,naive_drift,0.0,0.0,0.0,0.0,持平
CJ4141670873,seasonal,optimized_ses,optimized_ses,0.185,0.185,1.0,1.0,V6.1
CJ4141670879,intermittent,theta,theta,0.1157,0.1157,0.49,0.49,V6.1
CJ4141670881,stable,damped_trend,damped_trend,0.6618,0.6618,87.76,87.76,V6
CJ4141670883,seasonal,optimized_ses,optimized_ses,0.0283,0.0283,1.05,1.05,V6.1
CJ4141670892,intermittent,optimized_ses,optimized_ses,0.0097,0.0097,0.05,0.05,V6
CJ4141670916,intermittent,theta,theta,0.1488,0.1488,6.25,6.25,V6
CJ4141670917,intermittent,median_5,median_5,0.1508,0.1508,3.0,3.0,V6.1
CJ4141670918,sparse,median_5,median_5,0.0,0.0,0.0,0.0,持平
CJ4141670930,seasonal,theta,theta,0.0,0.0,0.0,0.0,持平
CJ4141670931,trending,optimized_des,optimized_des,0.1764,0.1764,202.14,202.14,V6.1
CJ4141670932,intermittent,median_5,median_5,0.0,0.0,0.0,0.0,持平
CJ4141670934,intermittent,adida,adida,0.1458,0.1458,7.9,7.9,V6.1
CJ4141670941,seasonal,holt_winters,holt_winters,0.1816,0.1816,26.47,26.47,V6.1
CJ4141670944,intermittent,sba,sba,0.0317,0.0317,1.45,1.45,V6
CJ4141670946,seasonal,ma_3,ma_3,0.1079,0.1079,40.0,40.0,V6
CJ4141670947,all_zero,ma_5,ma_5,0.0,0.0,0.0,0.0,持平
CJ4141670952,intermittent,median_5,median_5,0.0,0.0,0.0,0.0,持平
CJ4141670958,intermittent,median_5,median_5,0.0,0.0,0.0,0.0,持平
CJ4141670962,intermittent,median_5,median_5,0.0,0.0,0.0,0.0,持平
CJ4141670965,intermittent,median_5,median_5,0.0,0.0,0.0,0.0,持平
CJ4141670988,trending,optimized_des,optimized_des,0.0,0.0,0.0,0.0,持平
CJ4141670989,intermittent,median_5,median_5,0.0,0.0,0.0,0.0,持平
CJ4141671001,intermittent,median_5,median_5,0.0,0.0,0.0,0.0,持平
CJ4141671002,trending,optimized_des,optimized_des,0.0346,0.0346,0.18,0.18,V6.1
CJ4141671005,all_zero,ma_3,ma_3,1.0714,1.0714,6.0,6.0,V6
CJ4141671012,seasonal,optimized_hw,optimized_hw,0.0,0.0,0.0,0.0,持平
CJ4141671013,intermittent,median_5,median_5,0.0,0.0,0.0,0.0,持平
CJ4141671014,intermittent,weighted_ma_5,weighted_ma_5,0.0,0.0,0.0,0.0,持平
CJ4141671018,all_zero,median_5,median_5,0.0,0.0,0.0,0.0,持平
CJ4141671021,intermittent,interval_based,interval_based,0.0228,0.0228,0.67,0.67,V6
CJ4141671022,intermittent,optimized_ses,optimized_ses,0.0425,0.0425,1.27,1.27,V6
CJ4141671025,intermittent,adida,adida,0.141,0.141,6.27,6.27,V6
CJ4141671047,sparse,interval_based,interval_based,0.6671,0.6671,24.95,24.95,V6
CJ4141671048,all_zero,ma_5,ma_5,0.0,0.0,0.0,0.0,持平
CJ4141671049,sparse,interval_based,interval_based,4.3704,4.3704,7.87,7.87,V6.1
CJ4141671056,intermittent,median_5,median_5,0.0,0.0,0.0,0.0,持平
CJ4141671072,intermittent,naive_drift,naive_drift,0.0,0.0,0.0,0.0,持平
CJ4141671127,all_zero,optimized_ses,optimized_ses,3.3177,3.3177,3.65,3.65,V6.1
CJ4141760055,intermittent,ma_5,ma_5,0.0,0.0,0.0,0.0,持平
CJ4141760096,stable,seasonal_naive,seasonal_naive,0.0,0.0,0.0,0.0,持平
CJ4141760097,seasonal,ma_5,ma_5,0.0,0.0,0.0,0.0,持平
CJ4141760098,seasonal,optimized_hw,optimized_hw,0.0394,0.0394,0.13,0.13,V6.1
CJ4141760101,intermittent,interval_based,interval_based,0.1882,0.1882,13.55,13.55,V6
CJ4141760135,intermittent,interval_based,interval_based,0.0978,0.0978,29.99,29.99,V6.1
CJ4141760136,intermittent,interval_based,interval_based,0.1263,0.1263,0.45,0.45,V6
CJ4141820036,seasonal,ma_3,ma_3,0.0369,0.0369,3.33,3.33,V6.1
CJ4141820055,intermittent,median_5,median_5,0.289,0.289,5.0,5.0,V6
CJ4142110047,intermittent,optimized_ses,optimized_ses,0.0566,0.0566,0.95,0.95,V6
CJ4142110054,intermittent,naive_drift,naive_drift,0.1818,0.1818,4.0,4.0,V6
CJ4142430082,seasonal,median_5,median_5,0.0267,0.0267,1.0,1.0,V6
CJ4142430104,intermittent,tsb_opt,tsb_opt,0.0321,0.0321,2.4,2.4,V6.1
CJ4142430113,stable,interval_based,interval_based,0.0011,0.0011,0.18,0.18,V6
CJ4142430127,seasonal,theta,theta,0.0,0.0,0.0,0.0,持平
CJ4142430154,lumpy,ma_5,ma_5,0.1002,0.1002,6.0,6.0,V6.1
CJ4142430200,intermittent,naive_drift,naive_drift,0.8667,0.8667,13.0,13.0,V6.1
CJ4142430230,seasonal,ma_5,ma_5,0.536,0.536,29.0,29.0,V6
CJ4142430239,intermittent,croston,croston,0.0591,0.0591,1.59,1.59,V6
CJ4142470022,trending,naive_drift,naive_drift,0.0,0.0,0.0,0.0,持平
CJ4142470023,intermittent,ma_5,ma_5,0.1768,0.1768,14.0,14.0,V6.1
CJ4142470039,seasonal,theta,theta,0.0283,0.0283,0.74,0.74,V6.1
CJ5010060070,intermittent,median_5,median_5,0.0,0.0,0.0,0.0,持平
CJ5050000501,all_zero,optimized_ses,optimized_ses,0.226,0.226,38.92,38.92,V6.1
CJ5050000719,intermittent,theta,theta,0.0026,0.0026,0.27,0.27,V6
CJ5050000735,intermittent,croston,croston,0.1255,0.1255,5.52,5.52,V6.1
CJ5050000765,intermittent,ma_5,ma_5,0.0131,0.0131,1.0,1.0,V6
CJ5050000784,intermittent,ma_3,ma_3,0.0858,0.0858,6.0,6.0,V6
CJ5050000794,seasonal,ma_5,ma_5,0.0704,0.0704,2.0,2.0,V6
CJ5050000802,trending,optimized_hw,optimized_hw,0.5527,0.5527,7.63,7.63,V6
CJ5050000869,sparse,median_5,median_5,0.0,0.0,0.0,0.0,持平
CJ5050000871,seasonal,weighted_ma_5,weighted_ma_5,0.0606,0.0606,0.33,0.33,V6
CJ5050000881,trending,naive_drift,naive_drift,0.0,0.0,0.0,0.0,持平
CJ5050000889,seasonal,theta,theta,0.0933,0.0933,2.02,2.02,V6.1
CJ5050000897,intermittent,median_5,median_5,0.5828,0.5828,19.0,19.0,V6
CJ5050000919,intermittent,croston,croston,0.0466,0.0466,0.41,0.41,V6
CJ5050000999,seasonal,median_5,median_5,0.0104,0.0104,1.0,1.0,V6
CJ5050001005,lumpy,median_5,median_5,0.0,0.0,0.0,0.0,持平
CJ5050001013,seasonal,ma_3,ma_3,0.3571,0.3571,2.0,2.0,V6
CJ5050001018,seasonal,seasonal_naive,seasonal_naive,2.234,2.234,21.0,21.0,V6
CJ5050001043,erratic,adida,adida,0.1387,0.1387,3.98,3.98,V6.1
CJ5050001055,stable,seasonal_naive,seasonal_naive,0.3247,0.3247,10.0,10.0,V6.1
CJ5050001071,erratic,theta,theta,0.394,0.394,68.0,68.0,V6.1
CJ5050001091,seasonal,holt_winters,holt_winters,0.0,0.0,0.0,0.0,持平
CJ5050001112,lumpy,ma_5,ma_5,0.1712,0.1712,5.0,5.0,V6
CJ5050001123,seasonal,ma_3,ma_3,0.0081,0.0081,0.33,0.33,V6.1
CJ5050001155,all_zero,ma_5,ma_5,0.0,0.0,0.0,0.0,持平
CJ5050001156,sparse,ma_5,ma_5,0.0,0.0,0.0,0.0,持平
CJ5050001157,seasonal,optimized_ses,optimized_ses,0.0002,0.0002,0.03,0.03,V6
CJ5050001158,intermittent,ma_5,ma_5,0.0,0.0,0.0,0.0,持平
CJ5050001159,sparse,ma_3,ma_3,0.0333,0.0333,1.67,1.67,V6
CJ5050001171,lumpy,theta,theta,0.148,0.148,7.05,7.05,V6
CJ5050001191,intermittent,winsorized,winsorized,7.3407,7.3407,37.44,37.44,V6.1
CJ5050001237,seasonal,median_5,median_5,0.087,0.087,11.0,11.0,V6.1
CJ5050001263,intermittent,interval_based,interval_based,0.2439,0.2439,2.0,2.0,V6
CJ5050001266,trending,seasonal_naive,seasonal_naive,2.2222,2.2222,6.0,6.0,V6
CJ5050001352,sparse,median_5,median_5,0.0,0.0,0.0,0.0,持平
CJ5050001429,seasonal,holt_winters,holt_winters,0.2497,0.2497,4.77,4.77,V6.1
CJ5050120413,lumpy,median_5,median_5,0.625,0.625,3.0,3.0,V6
CJ5050120525,trending,ma_3,ma_3,1.1905,1.1905,3.33,3.33,V6.1
CJ5050120552,lumpy,adida,adida,0.0057,0.0057,0.47,0.47,V6.1
CJ5050240118,intermittent,weighted_ma_5,weighted_ma_5,0.0862,0.0862,1.0,1.0,V6
CJ5050240119,intermittent,winsorized,winsorized,0.4087,0.4087,2.12,2.12,V6.1
CJ5050240126,intermittent,median_5,median_5,0.0,0.0,0.0,0.0,持平
CJ5050270140,intermittent,adida,adida,0.2143,0.2143,0.6,0.6,V6.1
CJ6060010115,intermittent,weighted_ma_5,weighted_ma_5,0.0383,0.0383,866.67,866.67,V6.1
CJ6060020037,intermittent,median_5,median_5,0.0,0.0,0.0,0.0,持平
CJ6060030155,seasonal,optimized_ses,optimized_ses,0.0353,0.0353,15.91,15.91,V6
CJ6060060164,intermittent,winsorized,winsorized,0.0342,0.0342,9.38,9.38,V6
CJ6060060674,seasonal,theta,theta,0.0597,0.0597,5.7,5.7,V6
CJ6060060675,intermittent,ma_3,ma_3,0.0912,0.0912,10.0,10.0,V6
CJ6060060676,intermittent,ma_3,ma_3,0.0998,0.0998,10.0,10.0,V6
CJ6060060677,intermittent,ma_3,ma_3,0.0473,0.0473,3.0,3.0,V6
CJ6060060678,intermittent,ma_3,ma_3,0.0228,0.0228,3.0,3.0,V6.1
CJ6060060679,intermittent,ma_5,ma_5,0.0,0.0,0.0,0.0,持平
CJ6060060680,intermittent,ma_5,ma_5,0.0,0.0,0.0,0.0,持平
CJ6060080689,intermittent,adida,adida,0.0795,0.0795,21.88,21.88,V6
CJ6060080880,intermittent,sba,sba,0.4346,0.4346,469.25,469.25,V6.1
CJ6060080935,intermittent,sba,sba,0.1871,0.1871,151.53,151.53,V6.1
CJ6060080976,seasonal,ma_3,ma_3,0.0299,0.0299,466.67,466.67,V6.1
CJ6060080977,stable,damped_trend,damped_trend,0.0877,0.0877,75.8,75.8,V6
CJ6060080982,seasonal,optimized_des,optimized_des,0.1711,0.1711,70.99,70.99,V6.1
CJ6060081006,intermittent,sba,sba,0.2831,0.2831,325.89,325.89,V6
CJ6060081009,intermittent,adida,adida,0.009,0.009,2.94,2.94,V6
CJ6060081497,sparse,median_5,median_5,0.0,0.0,0.0,0.0,持平
CJ6060081498,seasonal,optimized_des,optimized_des,0.0,0.0,0.0,0.0,持平
CJ6060081669,all_zero,ma_5,ma_5,0.0,0.0,0.0,0.0,持平
CJ6060081675,trending,seasonal_naive,seasonal_naive,0.0946,0.0946,4.0,4.0,V6.1
CJ6060081682,seasonal,median_5,median_5,0.1038,0.1038,3.0,3.0,V6
CJ6060081683,erratic,adida,adida,0.0316,0.0316,1.3,1.3,V6.1
CJ6060081704,stable,ma_3,ma_3,0.0916,0.0916,1.67,1.67,V6.1
CJ6060081707,seasonal,optimized_hw,optimized_hw,0.0528,0.0528,1.22,1.22,V6
CJ6060081758,intermittent,naive_drift,naive_drift,0.0833,0.0833,6.0,6.0,V6
CJ6060081771,intermittent,ma_5,ma_5,0.0,0.0,0.0,0.0,持平
CJ6060081789,intermittent,median_5,median_5,0.0,0.0,0.0,0.0,持平
CJ6060081881,seasonal,median_5,median_5,0.2174,0.2174,1.0,1.0,V6.1
CJ6060081955,stable,interval_based,interval_based,0.3229,0.3229,19.6,19.6,V6.1
CJ6060081961,stable,interval_based,interval_based,0.3305,0.3305,19.6,19.6,V6
CJ6060081972,seasonal,seasonal_naive,seasonal_naive,0.0,0.0,0.0,0.0,持平
CJ6060082032,stable,ma_3,ma_3,0.0,0.0,0.0,0.0,持平
CJ6060082040,intermittent,ma_3,ma_3,0.0,0.0,0.0,0.0,持平
CJ6060082042,stable,interval_based,interval_based,0.1335,0.1335,5.02,5.02,V6
CJ6060082043,intermittent,tsb_opt,tsb_opt,0.1893,0.1893,123.24,123.24,V6
CJ6060082044,intermittent,tsb_opt,tsb_opt,0.1857,0.1857,119.96,119.96,V6.1
CJ6060082054,lumpy,median_5,median_5,0.1053,0.1053,2.0,2.0,V6.1
CJ6060082055,seasonal,theta,theta,0.4459,0.4459,3.3,3.3,V6.1
CJ6060082056,intermittent,ma_5,ma_5,0.0,0.0,0.0,0.0,持平
CJ6060082061,erratic,median_5,median_5,0.2094,0.2094,4.0,4.0,V6
CJ6060082062,erratic,adida,adida,0.1932,0.1932,3.4,3.4,V6.1
CJ6060082063,intermittent,croston,croston,0.2213,0.2213,1.11,1.11,V6
CJ6060082075,erratic,naive_drift,naive_drift,0.2232,0.2232,7.7,7.7,V6.1
CJ6060100020,intermittent,median_5,median_5,0.0,0.0,0.0,0.0,持平
CJ6060230004,intermittent,sba,sba,0.1393,0.1393,271.64,271.64,V6
CJ6060230006,lumpy,interval_based,interval_based,0.0675,0.0675,276.92,276.92,V6
CJ6060230009,seasonal,optimized_hw,optimized_hw,0.3151,0.3151,6014.99,6014.99,V6
CJ6060240002,sparse,median_5,median_5,0.0,0.0,0.0,0.0,持平
CJ6060240040,intermittent,median_5,median_5,0.1786,0.1786,200.0,200.0,V6.1
CJ6060260168,lumpy,croston,croston,0.0512,0.0512,4.03,4.03,V6
CJ6060260176,intermittent,tsb_opt,tsb_opt,0.0212,0.0212,2.18,2.18,V6.1
CJ6060260183,seasonal,ma_3,ma_3,0.1856,0.1856,66.67,66.67,V6.1
CJ6060260206,intermittent,weighted_ma_5,weighted_ma_5,1.3725,1.3725,11.67,11.67,V6
CJ6060260312,stable,holt_winters,holt_winters,0.1503,0.1503,826.2,826.2,V6.1
CJ6060280006,intermittent,ma_3,ma_3,0.2045,0.2045,133.33,133.33,V6.1
CJ6060390028,sparse,ma_5,ma_5,0.0,0.0,0.0,0.0,持平
CJ6060390055,trending,optimized_hw,optimized_hw,0.1995,0.1995,13.36,13.36,V6.1
CJ7070050070,seasonal,optimized_hw,optimized_hw,0.0198,0.0198,7.04,7.04,V6.1
CJ7070380003,intermittent,ma_3,ma_3,0.4255,0.4255,20.0,20.0,V6
CJ7070480391,stable,optimized_ses,optimized_ses,0.1985,0.1985,12.59,12.59,V6
CJ7070480392,stable,ma_5,ma_5,0.2691,0.2691,18.0,18.0,V6.1
CJ7070480397,seasonal,theta,theta,0.0421,0.0421,11.38,11.38,V6
CJ7070480398,seasonal,theta,theta,0.0421,0.0421,11.38,11.38,V6
CJ7070480399,intermittent,weighted_ma_5,weighted_ma_5,0.1282,0.1282,33.33,33.33,V6
CJ7070480400,seasonal,theta,theta,0.0304,0.0304,7.0,7.0,V6
CJ7070480402,intermittent,ma_5,ma_5,0.0,0.0,0.0,0.0,持平
CJ7070480403,intermittent,adida,adida,0.026,0.026,6.25,6.25,V6
CJ7070480404,intermittent,sba,sba,0.0635,0.0635,11.43,11.43,V6.1
CJ7070480405,intermittent,winsorized,winsorized,0.0772,0.0772,12.5,12.5,V6.1
CJ7070480409,intermittent,winsorized,winsorized,0.0,0.0,0.0,0.0,持平
CJ7070540079,sparse,median_5,median_5,0.0,0.0,0.0,0.0,持平
CJ7070540080,all_zero,ma_5,ma_5,0.0,0.0,0.0,0.0,持平
CJ7070540101,sparse,median_5,median_5,0.0,0.0,0.0,0.0,持平
CJ7070540108,trending,weighted_ma_5,weighted_ma_5,0.0,0.0,0.0,0.0,持平
CJ7070540109,trending,weighted_ma_5,weighted_ma_5,0.0,0.0,0.0,0.0,持平
CJ7070540114,intermittent,ma_5,ma_5,0.0,0.0,0.0,0.0,持平
CJ7070540115,intermittent,ma_5,ma_5,0.0,0.0,0.0,0.0,持平
CJ7070540186,intermittent,sba,sba,0.0005,0.0005,0.22,0.22,V6
CJ7070540187,intermittent,adida,adida,0.033,0.033,5.21,5.21,V6.1
CJ7070540188,intermittent,adida,adida,0.033,0.033,5.21,5.21,V6.1
CJ7070540189,stable,seasonal_naive,seasonal_naive,1.0741,1.0741,200.0,200.0,V6
CJ7070540200,intermittent,median_5,median_5,0.0,0.0,0.0,0.0,持平
CJ7070540201,intermittent,median_5,median_5,0.0,0.0,0.0,0.0,持平
CJ7070540233,seasonal,optimized_hw,optimized_hw,0.1153,0.1153,0.23,0.23,V6
CJ7070540234,seasonal,optimized_hw,optimized_hw,0.1153,0.1153,0.23,0.23,V6
CJ7070540235,stable,seasonal_naive,seasonal_naive,0.3069,0.3069,107.0,107.0,V6
CJ7070540236,stable,seasonal_naive,seasonal_naive,0.3062,0.3062,107.0,107.0,V6
CJ7070540237,stable,seasonal_naive,seasonal_naive,0.1552,0.1552,57.0,57.0,V6
CJ7070540245,intermittent,ma_3,ma_3,0.015,0.015,6.67,6.67,V6
CJ7070540253,intermittent,interval_based,interval_based,0.0859,0.0859,0.33,0.33,V6
CJ7070540254,intermittent,interval_based,interval_based,0.0859,0.0859,0.33,0.33,V6
CJ7070540257,stable,seasonal_naive,seasonal_naive,0.0,0.0,0.0,0.0,持平
CJ7070540271,intermittent,optimized_ses,optimized_ses,0.0519,0.0519,0.25,0.25,V6.1
CJ7070540272,intermittent,optimized_ses,optimized_ses,0.0519,0.0519,0.25,0.25,V6.1
CJ7070540280,intermittent,winsorized,winsorized,0.0254,0.0254,3.5,3.5,V6.1
CJ7070540283,seasonal,seasonal_naive,seasonal_naive,0.1587,0.1587,2.0,2.0,V6
CJ7070540284,intermittent,optimized_ses,optimized_ses,0.0617,0.0617,0.18,0.18,V6.1
CJ7070540293,intermittent,ma_5,ma_5,0.0,0.0,0.0,0.0,持平
CJ7070540304,erratic,naive_drift,naive_drift,0.3125,0.3125,2.0,2.0,持平
CJ7070540305,erratic,naive_drift,naive_drift,0.3125,0.3125,2.0,2.0,持平
CJ7070540309,intermittent,median_5,median_5,0.0,0.0,0.0,0.0,持平
CJ7070540310,intermittent,median_5,median_5,0.0,0.0,0.0,0.0,持平
CJ7070540311,lumpy,median_5,median_5,0.0,0.0,0.0,0.0,持平
CJ7070540340,erratic,sba,sba,0.6194,0.6194,23.29,23.29,V6
CJ7070540341,erratic,adida,adida,0.6506,0.6506,21.6,21.6,V6
CJ7070540349,stable,naive_drift,naive_drift,0.1114,0.1114,8.9,8.9,V6.1
CJ7070540350,stable,naive_drift,naive_drift,0.1031,0.1031,8.9,8.9,V6
CJ7070540351,stable,naive_drift,naive_drift,0.1145,0.1145,8.9,8.9,V6
CJ7070540354,seasonal,seasonal_naive,seasonal_naive,0.3255,0.3255,25.0,25.0,V6
CJ7070540357,erratic,median_5,median_5,0.3125,0.3125,10.0,10.0,持平
CJ7070540358,erratic,median_5,median_5,0.3125,0.3125,10.0,10.0,持平
CJ7070540360,intermittent,median_5,median_5,0.0,0.0,0.0,0.0,持平
CJ7070540361,intermittent,median_5,median_5,0.0,0.0,0.0,0.0,持平
CJ7070540362,intermittent,theta,theta,0.0606,0.0606,0.47,0.47,V6
CJ7070540363,intermittent,theta,theta,0.0606,0.0606,0.47,0.47,V6
CJ7070540372,intermittent,optimized_ses,optimized_ses,0.0602,0.0602,0.38,0.38,V6.1
CJ7070540373,intermittent,croston,croston,0.0196,0.0196,0.12,0.12,V6
CJ7070540374,intermittent,median_5,median_5,0.0,0.0,0.0,0.0,持平
CJ7070540391,seasonal,optimized_hw,optimized_hw,0.1677,0.1677,0.65,0.65,V6
CJ7070540392,seasonal,optimized_hw,optimized_hw,0.1677,0.1677,0.65,0.65,V6
CJ7070540393,seasonal,ma_5,ma_5,0.0,0.0,0.0,0.0,持平
CJ7070540394,seasonal,ma_5,ma_5,0.0,0.0,0.0,0.0,持平
CJ7070540433,intermittent,median_5,median_5,0.0,0.0,0.0,0.0,持平
CJ7070540442,intermittent,winsorized,winsorized,0.0304,0.0304,4.5,4.5,V6.1
CJ7070540443,intermittent,winsorized,winsorized,0.0304,0.0304,4.5,4.5,V6.1
CJ7070540466,stable,theta,theta,0.222,0.222,64.39,64.39,V6
CJ7070540467,stable,theta,theta,0.2371,0.2371,68.0,68.0,V6.1
CJ7070540468,stable,naive_drift,naive_drift,0.8493,0.8493,460.0,460.0,V6
CJ7070540469,lumpy,weighted_ma_5,weighted_ma_5,0.0,0.0,0.0,0.0,持平
CJ7070540472,lumpy,weighted_ma_5,weighted_ma_5,0.0,0.0,0.0,0.0,持平
CJ7070540496,stable,theta,theta,1.914,1.914,55.7,55.7,V6
CJ7070540503,seasonal,seasonal_naive,seasonal_naive,0.0,0.0,0.0,0.0,持平
CJ7070540504,seasonal,seasonal_naive,seasonal_naive,0.0,0.0,0.0,0.0,持平
CJ7070540534,erratic,theta,theta,0.0607,0.0607,4.0,4.0,V6.1
CJ7070540563,lumpy,median_5,median_5,0.0,0.0,0.0,0.0,持平
CJ7070540572,seasonal,median_5,median_5,0.2941,0.2941,1.0,1.0,V6
CJ7070540575,erratic,ma_3,ma_3,4.6561,4.6561,29.33,29.33,V6.1
CJ7070540576,erratic,ma_3,ma_3,4.6561,4.6561,29.33,29.33,V6.1
CJ7070540622,seasonal,damped_trend,damped_trend,0.2304,0.2304,15.57,15.57,V6.1
CJ7070540623,seasonal,damped_trend,damped_trend,0.0661,0.0661,4.47,4.47,V6
CJ7070540624,seasonal,optimized_ses,optimized_ses,0.0987,0.0987,11.36,11.36,V6.1
CJ8080021308,seasonal,theta,theta,0.0,0.0,0.0,0.0,持平
CJ8080430619,lumpy,median_5,median_5,0.0,0.0,0.0,0.0,持平
CJ9090050033,lumpy,theta,theta,0.0924,0.0924,0.37,0.37,V6.1
CJ9090050095,intermittent,median_5,median_5,0.0,0.0,0.0,0.0,持平
CJ9090050125,seasonal,optimized_ses,optimized_ses,0.1175,0.1175,21.0,21.0,V6.1
